,Tweets
0,: Things are moving right along for AMD. Tip   
1,: Protect our democracy from destruction by declassifying key intel describing the danger of foreign subterfuge to our ele‚Ä¶
2,"Retail therapy when the world is sad and confused - thank goodness for IoT Tech! As shops re-open around the world, IoT helps them prepare for a new retail experience - read to find out how technology can help. IamIntel "
3,"Citing ""horror stories"" around the U.S., the top Democrat on Senate Intel committee  says he's ""very concerned"" the Trump administration is ""almost on purpose"" trying to ""gum up"" the U.S. postal system. This as Trump continues to go after mail-in voting. AspenSecurity"
4,: We‚Äôre now in the endgame! We‚Äôve received intel that scientists had been developing the weapon in a facility that exists behin‚Ä¶
5,_ROG_IN: We‚Äôre in the endgame! We‚Äôve received intel that scientists had been developing the weapon in a facility that exists behind‚Ä¶
6,"$AMD Advanced Micro Devices Inc. ... The second half outlook for servers (and Intel, AMD) is worsening rapidly: Pierre Ferragu  equity stocks "
7, How about a Intel lowering the price of the 10600k. It's more expensive than the 3800x on Newegg and why anybody would pay more for it is beyond me
8,"Intel Claims 10th Gen Core i7-10750H CPU Offers Up To 37% Faster Gaming Performance Than AMD‚Äôs Ryzen 7 4800H ‚ÄòRenoir‚Äô APU, Up To 25% Higher Productivity Performance In ‚ÄúReal-World‚Äô Benchmarks  "
9,"_kj Are you talking about the 27"" iMac? Would this be Apple Silicon or intel at WWDC 21?

Kuo and Sonny Dickson website say 4Q21 for 24"" Apple Silicon iMac."
10,"Map of the Day: What role do arts and culture play in our education systems, cities and societies?    
_Intel"
11,: Protect our democracy from destruction by declassifying key intel describing the danger of foreign subterfuge to our ele‚Ä¶
12,"   _Have_Risen  _8           _ops    The only person who has definitively figured it all out is you. Don‚Äôt think you have access to sat images, or US MIL intel, so you‚Äôre basing everything on theories just like the rest of us, but the difference is I have common sense"
13,"If you ask Intel for a new sticker, they‚Äôll send you one. "
14,":  Questions for Graham: 
1) Should the US surveil outside entities who intend to do harm to the US?
2) If US Intel‚Ä¶"
15,_ROG_IN: We‚Äôre in the endgame! We‚Äôve received intel that scientists had been developing the weapon in a facility that exists behind‚Ä¶
16,: Iran does what ever they want to do. They are defiant little brats. They built their bombs here in Beirut in order to use‚Ä¶
17,: We‚Äôre now in the endgame! We‚Äôve received intel that scientists had been developing the weapon in a facility that exists behin‚Ä¶
18,: We‚Äôre now in the endgame! We‚Äôve received intel that scientists had been developing the weapon in a facility that exists behin‚Ä¶
19,: Exciting news about the expanded collaboration between Intel and  on an integrated software platform for virtual‚Ä¶
20,: Protect our democracy from destruction by declassifying key intel describing the danger of foreign subterfuge to our ele‚Ä¶
21, may also just be intel weebs
22, Not. To. Be. Trusted! That is not the way intel works ffs!!!!! Wtf!
23,: Protect our democracy from destruction by declassifying key intel describing the danger of foreign subterfuge to our ele‚Ä¶
24,: We‚Äôre in the endgame! We‚Äôve received intel that scientists had been developing the weapon in a facility that exists behind a‚Ä¶
25,": Trump now says ‚Äúhe‚Äôs heard it both ways‚Äù about what happened in Beirut and then that whatever happened, it ended up essentially‚Ä¶"
26,": Intel Grand Ridge features up to 24 Atom cores, supports DDR5 and PCIe 4.0 "
27," lol
Christopher Steel was British.
He supplied fake intel for RussiaGate paid for by Killary 
Now that is what you call foreign interference in our election"
28,"   Depends on who you ask. If you ask an Anon Q is a group of ""patriots"" assembled in government to save the country and mankind. Others may say it is a LARP or ARG. Others will say it is intel agencies but it's a Psy-Op to placate while the death blow is delivered."
29,"Houston Consulate Closure Deterred China, But Not Before it Meddled With Vaccine Efforts: U.S. Intel Sources | National News | US News "
30,  The i9 though is a waste of money even if you go Intel as a high end i7 is a better value.
31,_ROG_IN: We‚Äôre in the endgame! We‚Äôve received intel that scientists had been developing the weapon in a facility that exists behind‚Ä¶
32,": Turkey‚Äôs tentacles in India go deeper than thought, says new intel warning

(report by Shishir Gupta) 

"
33,"Options Flow Grid Update $INTC OptionsTrading Intel Shares üîª0.78% to $48.54 OptionsFlow stocks stock StockMarket investing Investment 
 "
34,:      _DeMore1     ‚Ä¶
35,@_LASAR_: This is exactly why we‚Äôve started OperationBankside in our area - providing WaterSafety advice at key locations where ‚Ä¶
36,: Why doesn't the the CIA just tell senators that  is receiving and pushing russian created intel from a KGB th‚Ä¶
37,: üî•HOT!!!  We just got intel on the arrival of the  for the 2020 OC Air Show one week from today!  Weather perm‚Ä¶
38,"Apple 27"" iMac with Retina 5K Display (Mid 2020)

B&amp;H  APMXWV2LLA MFR  MXWV2LL/A

Key Features
‚Ä¢3.8 GHz Intel Core i7 8-Core (10th Gen)
‚Ä¢8GB of DDR4 RAM | 512GB PCIe SSD
‚Ä¢27"" 5120 x 2880 IPS Retina 5K Display
‚Ä¢AMD Radeon Pro 5500 XT (8GB GDDR6) "
39,"_Sn0wman:  I'll say it again:  should read this Intel into the Senate Congressional record.

This adm‚Ä¶"
40,_ROG_IN: We‚Äôre in the endgame! We‚Äôve received intel that scientists had been developing the weapon in a facility that exists behind‚Ä¶
41,": The only comment permitted here is that the Plan for planetary liberation is deeply classified since January 27th, 2018, an‚Ä¶"
42,: üî•HOT!!!  We just got intel on the arrival of the  for the 2020 OC Air Show one week from today!  Weather perm‚Ä¶
43,  _Sky   his is fairly good but doesn‚Äôt show entire area just port itself
44,": Read this tweet and then read this Report explaining Turkey's role in fueling Anti India sentiments. I wrote that in June.

h‚Ä¶"
45,": Map of the Day: What role do arts and culture play in our education systems, cities and societies?  ‚Ä¶"
46,: Protect our democracy from destruction by declassifying key intel describing the danger of foreign subterfuge to our ele‚Ä¶
47,": Turkey‚Äôs tentacles in India go deeper than thought, says new intel warning

(report by Shishir Gupta) 

"
48, Dems led by Hillary Obama &amp; Soros tried to both stop Trump or Oust Trump if he won. Obama‚Äôs Intel Comey DOJ &amp; FBI with CIA &amp;NSA all did their bit. They lied &amp; spied on everything Trump. Obama had it out for Flynn. He had insight into Obama &amp; Russia. Dems will bury all if they win
49,: Bombshell Report Says Trump Ordered CIA to Share Counterterrorism Intel with Russia ‚ÄòDespite No Discernible Reward‚Äô 
50,: Protect our democracy from destruction by declassifying key intel describing the danger of foreign subterfuge to our ele‚Ä¶
51,: We‚Äôre in the endgame! We‚Äôve received intel that scientists had been developing the weapon in a facility that exists behind a‚Ä¶
52,":  Tech Cuts, Yates admitted under oath the FBI was in possession of this non Warrant Raw Intel of Flynn. Not a‚Ä¶"
53,": ""An intelligence report on the role played by fronts for the Turkish government last month accused Ankara of efforts to ra‚Ä¶"
54,_ROG_IN: We‚Äôre in the endgame! We‚Äôve received intel that scientists had been developing the weapon in a facility that exists behind‚Ä¶
55,:      _DeMore1     ‚Ä¶
56,: Protect our democracy from destruction by declassifying key intel describing the danger of foreign subterfuge to our ele‚Ä¶
57,": What was really discussed during Jan 5 meeting?
Hussein order preventing sharing of intel re: Russia?
Would such an order shi‚Ä¶"
58,": According to this public survey, Intel will use TSMC in order to help the TMG to produce its CPUs. However, because TS‚Ä¶"
59,": . in testimony to Senate Intel: Gen'l Flynn undercut the US response to Russia's attack on our election, t‚Ä¶"
60,: Protect our democracy from destruction by declassifying key intel describing the danger of foreign subterfuge to our ele‚Ä¶
61,: Retailers are selling Intel ‚ÄòKA‚Äô series Avengers Edition Comet Lake CPUs   
62,: Trump famously refused to be interviewed for the Mueller investigation ‚Äî but he wants GOP senators to grill Yates under‚Ä¶
63,": Intel Grand Ridge features up to 24 Atom cores, supports DDR5 and PCIe 4.0 "
64,: Protect our democracy from destruction by declassifying key intel describing the danger of foreign subterfuge to our ele‚Ä¶
65,: Protect our democracy from destruction by declassifying key intel describing the danger of foreign subterfuge to our ele‚Ä¶
66,: We‚Äôre in the endgame! We‚Äôve received intel that scientists had been developing the weapon in a facility that exists behind a‚Ä¶
67,": The only comment permitted here is that the Plan for planetary liberation is deeply classified since January 27th, 2018, an‚Ä¶"
68,: Fly Intel: Top five analyst upgrades $W $GDDY $SQ $GNRC $ETSY 
69,: US Intel Agency Urges Military Personnel to Turn Off Cellphone Location Data Over Security Concerns: 
70,"_sm: Searching for a compact desktop PC that also respects your privacy ?

Check out the Librem Mini: 

- D‚Ä¶"
71,: MediaTek Announces First Modem For Intel 5G Laptops   
72,"Call of duty, modem warfare: Taiwanese Qualcomm rival MediaTek teams up with Intel for firm's first stab at 5G laptop modem  "
73," At first I just thought he was being his typically uniformed, knee jerk self. But now in thinking that he inadvertently gave away some Intel."
74,: Intel: US says there‚Äôs no ‚Äòwinning side‚Äô in Libya 
75,": .‚Äôs underdog mentality is how the guard stays motivated to achieve greatness

Championship coming to In‚Ä¶"
76,": Intel Grand Ridge features up to 24 Atom cores, supports DDR5 and PCIe 4.0 "
77," I'm eager to assume that this individual's the head of a powerful underground group.
This guy has intel in absolutely everything..."
78,": Intel Grand Ridge features up to 24 Atom cores, supports DDR5 and PCIe 4.0 "
79,"Driver ATI Mobility Accelerator HDMI 1.4 Intel 82579DG (Gigabit Ethernet Controller) nVidia GM107 Memory Controller CB Codec ID: PCI\VEN_10DE&amp;DEV_0817&amp;SUBSYS_2884506D0 Driver MFT, {D733D65W}DRIVER\LOCAL\DISK3DLER.dll, 1.05.7600."
80,"_nidhi:   Intel decode it's : Air Trigger 3

ROGPhone3 CrackTheCode 
WorshippedByGamers 
_ROG_IN ‚Ä¶"
81,MediaTek Announces First Modem For Intel 5G Laptops   
82,"Intel Grand Ridge features up to 24 Atom cores, supports DDR5 and PCIe 4.0 "
83,"With M&amp;A returning to normal rates, there's never been a better time to invest in JetTrack to see what's happening before it happens. 

Upgrade your research. Elevate your decision making. JetTrack by Paragon Intel. 
"
84,: Protect our democracy from destruction by declassifying key intel describing the danger of foreign subterfuge to our ele‚Ä¶
85,: Retailers are selling Intel ‚ÄòKA‚Äô series Avengers Edition Comet Lake CPUs   
86,": Turkey‚Äôs tentacles in India go deeper than thought, says new intel warning

(report by Shishir Gupta) 

"
87,": .‚Äôs underdog mentality is how the guard stays motivated to achieve greatness

Championship coming to In‚Ä¶"
88,": Fed appeals court overturned Boston Marathon Bomber Dzhokhar Tsarnaev's death penalty sentence for the 2013 Terrorist attack, w‚Ä¶"
89,: Protect our democracy from destruction by declassifying key intel describing the danger of foreign subterfuge to our ele‚Ä¶
90,MediaTek unveils its first 5G laptop chips in partnership with Intel  
91,: Protect our democracy from destruction by declassifying key intel describing the danger of foreign subterfuge to our ele‚Ä¶
92,Retailers are selling Intel ‚ÄòKA‚Äô series Avengers Edition Comet Lake CPUs   
93,: Protect our democracy from destruction by declassifying key intel describing the danger of foreign subterfuge to our ele‚Ä¶
94," Predator Helios 300 Gaming Laptop PC, 15.6"" Full HD 144Hz 3ms IPS Display, Intel i7-9750H, GeForce GTX 1660 Ti 6GB, 16GB DDR4, 256GB NVMe SSD, Backlit Keyboard, PH315-52-78VL(paid link) "
95,: We‚Äôre in the endgame! We‚Äôve received intel that scientists had been developing the weapon in a facility that exists behind a‚Ä¶
96,_ROG_IN: We‚Äôre in the endgame! We‚Äôve received intel that scientists had been developing the weapon in a facility that exists behind‚Ä¶
97,: Protect our democracy from destruction by declassifying key intel describing the danger of foreign subterfuge to our ele‚Ä¶
98,Fly Intel: Top analyst initiations $LI $YUMC $ZYME $DLR $CONE $EQIX 
99,": [üó£Ô∏è] INTEL TREASURE IS HIRING

We are currently looking for another set of admins to handle our fanbase account. DM us.üì©‚Ä¶"
