,Unnamed: 0,text,author_name,created_at
0,0,"RT @robotodd: Samsung has ads in the phone app â€” the app you open to place calls â€” on its $1,380 Galaxy Z Flip. ğŸ™„ https://t.co/tuWr2PxSYh",tarti,2020-08-25 12:47:47
1,1,"RT @SamsungMobile: Meet #GalaxyBudsLive! Here's a quick #unboxing and first look of the Galaxy Buds Live.

For more information, visit httpâ€¦",ì• ë¹¼ì‹œì²œì‚¬,2020-08-25 12:47:39
2,2,"RT @HulisaniRavele: Bo beyps, having a wallet on your phone ke bophelo! I'm giving away a @SamsungMobileSA #GalaxyA31 so you can experienceâ€¦",Deena Padayachee,2020-08-25 12:47:38
3,3,"RT @Poorvika_Mobile: Dive into the #Galaxy Ecosystem with style.
Avail the #GalaxyBuds Live at an #Offer price of â‚¹4990* when you #PreOrderâ€¦",pavan,2020-08-25 12:47:31
4,4,"RT @giveaway_galaxy: Win the new Samsung Galaxy Note 20 now! 
How to enter: 
- Like &amp; Retweet
- - Follow @giveaway_galaxy
 
Join Free:httpsâ€¦",Papa Seger 66,2020-08-25 12:47:31
5,5,"@Gazzorpazorp Samsung kuda totally out from China, only oka small semiconductors plant undi ante",Siddharth_1290,2020-08-25 12:47:26
6,6,"Ahh, I really wanna be better with digital art. I'm using a Samsung Galaxy Tab S3 and the program Autodesk Sketchboâ€¦ https://t.co/ZhDTMDSmqc",ã€V-tuberã€‘ Zetsu â˜† COMMISSIONS OPEN â˜† ğŸ”,2020-08-25 12:47:24
7,7,RT @SamsungIndia: The new #GalaxyNote20 series lets you seize every moment in a perfect way. Tell us your favourite camera feature in the câ€¦,RajK,2020-08-25 12:47:23
8,8,"RT @giveaway_galaxy: Win the new Samsung Galaxy Note 20 now! 
How to enter: 
- Like &amp; Retweet
- - Follow @giveaway_galaxy

Join Free:https:â€¦",eh,2020-08-25 12:47:20
9,9,RT @SamsungIndia: The new #GalaxyNote20 series makes you the best gamer in your squad. Tell us those three features which give you the poweâ€¦,Tanya Setia,2020-08-25 12:47:18
10,10,"RT @azreenchan: This would be my first sponsored items ğŸ˜ Honestly also my first Samsung ğŸ¤­

I would like to challenge myself to draw on a smâ€¦",anak MalaysiağŸ‡²ğŸ‡¾,2020-08-25 12:47:18
11,11,RT @SamsungIndia: The new #GalaxyNote20 series makes you the best gamer in your squad. Tell us those three features which give you the poweâ€¦,Tushar Khanna,2020-08-25 12:47:17
12,12,"RT @Poorvika_Mobile: Be the first in town to own the brand new #Samsung #GalaxyNote20 &amp; #GalaxyNote20Ultra

Have the Ultimate Smartphones dâ€¦",pavan,2020-08-25 12:47:16
13,13,RT @SamsungIndia: The new #GalaxyNote20 series makes you the best gamer in your squad. Tell us those three features which give you the poweâ€¦,RishabhğŸ¤µ,2020-08-25 12:47:15
14,14,"Communities in Vietnam deserve the right to clean air @Samsung.  Donâ€™t make the #wrongcalloncoal  SAMSUNG ,DONT SUPâ€¦ https://t.co/h8lkMPiS4a",Ruthie,2020-08-25 12:47:11
15,15,"RT @Poorvika_Mobile: The wait is over, the Samsung Galaxy Note20 series is now at https://t.co/Wpmqg4vcah !

Starting at â‚¹64999*

Buy Now :â€¦",pavan,2020-08-25 12:47:11
16,16,"[New Launch] Samsung Galaxy Buds Live at â‚¹14,990

Mystic Black - https://t.co/zV0idaR4a7

Mystic Bronze - https://t.co/fp0ii8oO1a",DealBee,2020-08-25 12:47:11
17,17,I can't believe this happened one year ago. I also can't believe that it's replacement (finally) is arriving today.â€¦ https://t.co/1q8wDdgkpB,Joe From TO,2020-08-25 12:47:07
18,18,RT @SamsungIndia: Are you ready for #GalaxyPowerfest? You donâ€™t want to miss out on this one. Catch the India launch of #GalaxyNote20 serieâ€¦,Angya mog,2020-08-25 12:47:06
19,19,"RT @giveaway_galaxy: Win the new Samsung Galaxy Note 20 now! 
How to enter: 
- Like &amp; Retweet
- - Follow @giveaway_galaxy

Join Free:https:â€¦",Papa Seger 66,2020-08-25 12:47:06
20,20,RT @ilikejiminsass: The samsung has no value to him https://t.co/0RPmTOZK2D,#ğ— ğ—¶ğ—¿ğ—¼â·â¤ï¸~Streaming dynamite!~,2020-08-25 12:47:05
21,21,@SamsungIndia #GalaxyNote20 series photography is far better then any dslr its 108MP sensor give very detail photosâ€¦ https://t.co/WQ0WLdhiK0,AnilKumar,2020-08-25 12:47:00
22,22,RT @SamsungIndia: The new #GalaxyNote20 series makes you the best gamer in your squad. Tell us those three features which give you the poweâ€¦,Ramprasad,2020-08-25 12:46:59
23,23,"RT @MartinBester: The Samsung Blue Tag sale is now on with massive savings on selected Samsung products!
Get up to 40% off Samsung TVâ€™s, taâ€¦",Andile Xaba ğŸ‡¿ğŸ‡¦,2020-08-25 12:46:53
24,24,Samsung Galaxy M31s Giveaway https://t.co/FUht08BSQi,VIKASH KUMAR SINGH,2020-08-25 12:46:51
25,25,RT @SamsungIndia: The new #GalaxyNote20 series gives you the power to work so that you can make the most out of your working hours. Tell usâ€¦,ShawshanK,2020-08-25 12:46:51
26,26,RT @SamsungIndia: The new #GalaxyNote20 series makes you the best gamer in your squad. Tell us those three features which give you the poweâ€¦,Hetal Satra,2020-08-25 12:46:50
27,27,Five Useful Things Your Galaxy Note20 Can Do in the Next NormalÂ Era https://t.co/7QZI3jsm6J,TechRelease,2020-08-25 12:46:44
28,28,RT @SamsungIndia: Are you ready for #GalaxyPowerfest? You donâ€™t want to miss out on this one. Catch the India launch of #GalaxyNote20 serieâ€¦,Shaivya Gupta,2020-08-25 12:46:43
29,29,"@SamsungIndia 1) 2.4GHz Octa-Core Samsung Exynos 990 Processor
2) 6.70 inch (1080*2400) 120Hz AMOLED Display
3) 8GBâ€¦ https://t.co/VB72zKNj7S",Joydeb Debnath,2020-08-25 12:46:32
30,30,"RT @code_brenden: Iâ€™ll give the Samsung Galaxy Note 10 (128 GB) to a random person who retweets this tweet. 

($400 cashout available) 

Shâ€¦",UmmğŸ¥,2020-08-25 12:46:31
31,31,"Top 25 Brands
 
Congratulations SAMSUNG for being selected as the winner of the Top 25 Brands with Best in house Coâ€¦ https://t.co/cz1bkqMgyc",e4m(Events),2020-08-25 12:46:29
32,32,"RT @Poorvika_Mobile: The wait is over, the Samsung Galaxy Note20 series is now at https://t.co/Wpmqg4vcah !

Starting at â‚¹64999*

Buy Now :â€¦",Praba Karan,2020-08-25 12:46:27
33,33,"RT @techreview_pk: #Samsung set to launch smartphone assembly plant in #Pakistan
Read the full detail here: https://t.co/7XonHWGz5N https:/â€¦",KAMRAN PTI,2020-08-25 12:46:21
34,34,"RT @Smiley_Bharati: @SamsungIndia 50X Super Resolution Zoom

#GalaxyNote20 #Samsung #GalaxyPowerfest
@SamsungIndia

Join
@Rekha_i_am 
@Mahiâ€¦",RajK,2020-08-25 12:46:20
35,35,"RT @Poorvika_Mobile: The wait is over, the Samsung Galaxy Note20 series is now at https://t.co/Wpmqg4vcah !

Starting at â‚¹64999*

Buy Now :â€¦",Palani kumar,2020-08-25 12:46:13
36,36,"RT @SamsungMobile: The man behind the Myth â€“Â also known as TSM and #TeamGalaxy member, Ali Kabbani â€“ gives us a hands-on tour of the Xbox câ€¦",XBoi,2020-08-25 12:46:10
37,37,"@SamsungIndia 1. Exynos 990 ProcessorğŸ˜
2. 4300 mah batteryğŸ’ª
3. 120Hz Adaptive DisplayğŸ”¥ğŸ”¥
These 3 features helps youâ€¦ https://t.co/mFTnYM4W9i",Karthifreeze,2020-08-25 12:46:06
38,38,@MapsMaponyane @SamsungMobileSA The Samsung galaxy A31 is also compatible  with the samsungPay. You can even add yoâ€¦ https://t.co/uMDnE246YI,Deena Padayachee,2020-08-25 12:45:57
39,39,@SamsungIndia Link to Windows feature &amp; With this feature I can link Samsung Galaxy Note20 with Windows 10 PC and Iâ€¦ https://t.co/zWFlqWsARJ,Sunita Katyal,2020-08-25 12:45:53
40,40,"RT @MusicTechMag: Quincy Jones' music channel will show documentaries and performances from across the globe.

https://t.co/Q8UByDoAsh",Qwest TV,2020-08-25 12:45:47
41,41,RT @SamsungPH: It's time to unleash your #AwesomeGrooves with @SB19Official. Join our TikTok Dance Challenge for a chance to win a Galaxy Aâ€¦,rarabelz,2020-08-25 12:45:43
42,42,RT @SamsungIndia: The new #GalaxyNote20 series makes you the best gamer in your squad. Tell us those three features which give you the poweâ€¦,Mithun Chatterjee,2020-08-25 12:45:42
43,43,"Do you remember all the phones you owned?

Nokia 3100 (First)
Nokia 2310
Sony Ericsson W710g
Nokia Xpress Music 530â€¦ https://t.co/UcMhuegVfT",Sanjeev NC,2020-08-25 12:45:39
44,44,RT @SamsungIndia: The new #GalaxyNote20 series makes you the best gamer in your squad. Tell us those three features which give you the poweâ€¦,Nishant â˜˜âŸ ,2020-08-25 12:45:39
45,45,@sewruj @aniruddha_sho @Shrish_mp4 Dont go for OnePlus from iOS there is a gap like between earth &amp; sky ... Betterâ€¦ https://t.co/D2cwmOX7dx,Waqar Khan,2020-08-25 12:45:38
46,46,"@SamsungIndia 1] Samsung Exynos 990 processor

2] Immersive AMOLED 2X display
 
3] 4300 mAh batteryâ€¦ https://t.co/kVTCkRCwz3",Nishant â˜˜âŸ ,2020-08-25 12:45:34
47,47,RT @SamsungIndia: The new #GalaxyNote20 series makes you the best gamer in your squad. Tell us those three features which give you the poweâ€¦,Karthifreeze,2020-08-25 12:45:33
48,48,"Am still a waiting to witness a mobile brand that will have the 'undo'  button.... ğŸ˜­ğŸ˜­ğŸ™ğŸ™ğŸ™
@Apple @iPhone
@Samsungâ€¦ https://t.co/apR1zRQ4z3",HappyGirl ComeZitha,2020-08-25 12:45:31
49,49,RT @SamsungIndia: The new #GalaxyNote20 series gives you the power to work so that you can make the most out of your working hours. Tell usâ€¦,Sunita Katyal,2020-08-25 12:45:31
50,50,RT @SamsungIndia: The new #GalaxyNote20 series gives you the power to work so that you can make the most out of your working hours. Tell usâ€¦,Chirag Jain,2020-08-25 12:45:30
51,51,RT @SamsungIndia: The new #GalaxyNote20 series makes you the best gamer in your squad. Tell us those three features which give you the poweâ€¦,booksofskyrim,2020-08-25 12:45:26
52,52,"RT @infiresyoon: armys watched japanese shows, tokopedia show in indonesia, samsung event, company briefing, news channels &amp; many more bc oâ€¦",Ù‹ ellaâ€ â€Ù‹â·,2020-08-25 12:45:26
53,53,"RT @Smiley_Bharati: @SamsungIndia 50X Super Resolution Zoom

#GalaxyNote20 #Samsung #GalaxyPowerfest
@SamsungIndia

Join
@Rekha_i_am 
@Mahiâ€¦",Kinjal,2020-08-25 12:45:25
54,54,"@SamsungIndia MYSTIC BLACK is my favourite colour in ""Galaxy Note 20 Series""
Bcoz, I consider Black as a Legendaryâ€¦ https://t.co/UOqmtRyavG",Vinay Kalra,2020-08-25 12:45:22
55,55,"did he just dropped his Samsung galaxy S20 ultra that costs around $1,399  in the ground??! https://t.co/Ml0eZDIvxt",ava â· ğŸ“¼,2020-08-25 12:45:22
56,56,"RT @Poorvika_Mobile: The wait is over, the Samsung Galaxy Note20 series is now at https://t.co/Wpmqg4vcah !

Starting at â‚¹64999*

Buy Now :â€¦",S. Mohamed Ismail,2020-08-25 12:45:17
57,57,Communities in Vietnam deserve the right to clean air @Samsung.  Donâ€™t make the #wrongcalloncoal,Liz Hanson #FBPE,2020-08-25 12:45:11
58,58,"RT @rsgnl: 7 years, 2 months, and 12 days after Apple sued Samsung, the companies have settled. The lawsuit is over. 

Court document *3,83â€¦",Sipho Mandle,2020-08-25 12:45:11
59,59,"NOTE 20 &amp; NOTE 20 ULTRA DOME GLASS
ğŸ’The Premium tempered glass screen protectorğŸ’

âœ…Full protection &amp; Clear view witâ€¦ https://t.co/HcEyXc5nQB",Whitestone Dome,2020-08-25 12:45:03
60,60,One UI 2.5 updateâ€™s Samsung DeX wireless limited to smart TVs with Phone Screen mirroring supportâ€¦ https://t.co/RZbb3T3WCX,PiunikaWeb,2020-08-25 12:45:02
61,61,Verizon's newest #Samsung #GalaxyA51 and Galaxy A51 #5G deals are pretty much unbeatable https://t.co/1FqpFEdfKH,PhoneArena,2020-08-25 12:45:01
62,62,RT @SamsungIndia: The new #GalaxyNote20 series makes you the best gamer in your squad. Tell us those three features which give you the poweâ€¦,Chidambar Kulkarni,2020-08-25 12:45:00
63,63,"RT @hey_its_sim: @SamsungIndia The new #GalaxyNote20 series comes in a stunning array of mystic hues.
And my fav mystiv hue is Mystic Greenâ€¦",RajK,2020-08-25 12:44:48
64,64,"RT @SamsungMobile: Meet #GalaxyBudsLive! Here's a quick #unboxing and first look of the Galaxy Buds Live.

For more information, visit httpâ€¦",Y's,2020-08-25 12:44:47
65,65,RT @SamsungIndia: The new #GalaxyNote20 series comes in a stunning array of mystic hues. Tell us which one is your favourite in the commentâ€¦,RajK,2020-08-25 12:44:46
66,66,"@SamsungIndia 50X Super Resolution Zoom

#GalaxyNote20 #Samsung #GalaxyPowerfest
@SamsungIndia

Join
@Rekha_i_amâ€¦ https://t.co/KFVceay9Lk",Ekta...,2020-08-25 12:44:45
67,67,RT @SamsungIndia: The new #GalaxyNote20 series gives you the power to work so that you can make the most out of your working hours. Tell usâ€¦,RishabhğŸ¤µ,2020-08-25 12:44:41
68,68,RT @adityaan27: @globaltimesnews If Samsung kicks butts of Chinese companies it could greatly improve its prestige and respect in â€œWORLD MAâ€¦,FinancialBearğŸ‡­ğŸ‡°ğŸ»,2020-08-25 12:44:36
69,69,Samsung GALAXY J6 FRP Bypass  Remove GOOGLE ACCOUNT Android 8 Last SECURITY https://t.co/Gnen6GDa7U via @YouTube,Faisal Mobile,2020-08-25 12:44:33
70,70,"RT @SamsungMobile: The man behind the Myth â€“Â also known as TSM and #TeamGalaxy member, Ali Kabbani â€“ gives us a hands-on tour of the Xbox câ€¦",MethodicalMadness,2020-08-25 12:44:33
71,71,Samsung Galaxy Watch 3 international giveaway @androidauth #giveaway https://t.co/YI5gvV967t,FrancescoBaldacchini,2020-08-25 12:44:29
72,72,RT @BTCstJournal: Samsung to Link its Crypto Wallet to SKâ€™s Blockchain-powered ID App https://t.co/jpuayoUBAi #bitcoin https://t.co/l6qjSbSâ€¦,charlie80,2020-08-25 12:44:29
73,73,RT @SamsungIndia: The new #GalaxyNote20 series lets you seize every moment in a perfect way. Tell us your favourite camera feature in the câ€¦,devaram,2020-08-25 12:44:25
74,74,"@SamsungIndia Samsung

1) Newly renovated intelligent processor.
2) Upgraded cooling system.
3) The smooth 120Hz diâ€¦ https://t.co/ue5qFMZXrp",ğ—šğ—®ğ˜‚ğ—¿ğ—®ğ˜ƒ ğ—šğ—®ğ˜‚ğ˜ğ—®ğ—º (ğ——ğ—¼ğ˜‚ğ—¯ğ—¹ğ—² ğ—š),2020-08-25 12:44:25
75,75,RT @SamsungIndia: The new #GalaxyNote20 series makes you the best gamer in your squad. Tell us those three features which give you the poweâ€¦,Moushumi Maharaj,2020-08-25 12:44:25
76,76,"RT @nanistechlogic: Samsung Galaxy Note 20 Ultra Mystic Black ğŸ”¥
https://t.co/J0EFbXxAtv https://t.co/Nq5Z029pF6",s.sritan,2020-08-25 12:44:19
77,77,"@SamsungIndia 1. Octa-core Samsung Exynos 990 / Octa-core Qualcomm Snapdragon 865.
2. 8GB RAM.
3. 128GB storage.â€¦ https://t.co/kqYhnK3Jx2",Mogambo,2020-08-25 12:44:19
78,78,RT @SamsungIndia: The new #GalaxyNote20 series lets you seize every moment in a perfect way. Tell us your favourite camera feature in the câ€¦,RanaHasan@aanu,2020-08-25 12:44:18
79,79,"RT @TrakinTech: Samsung Galaxy Note 20 Ultra 5G âš¡âš¡âš¡10 Reasons Why I Loved This Phone!
https://t.co/atbRT0yx6L #GalaxyNote20 #GalaxyNote20Ulâ€¦",RanaHasan@aanu,2020-08-25 12:44:14
80,80,"@SamsungIndia - The newly renovated intelligent processor.
- Upgraded Cooling System so I can smoothly work for houâ€¦ https://t.co/psVshaCkrl",â¤ï¸ / QuarantiningğŸ’¤ğŸ˜´ğŸ’¤,2020-08-25 12:44:14
81,81,RT @SamsungIndia: The new #GalaxyNote20 series makes you the best gamer in your squad. Tell us those three features which give you the poweâ€¦,RanaHasan@aanu,2020-08-25 12:44:09
82,82,RT @ilikejiminsass: The samsung has no value to him,iâ·,2020-08-25 12:44:08
83,83,"RT @Poorvika_Mobile: The wait is over, the Samsung Galaxy Note20 series is now at https://t.co/Wpmqg4vcah !

Starting at â‚¹64999*

Buy Now :â€¦",Suma Anjali,2020-08-25 12:44:06
84,84,"RT @AntiFraudForce: $ICX might be listed faster on @Gemini than @coinbase .
#Gemini had inked a partnership with Samsung,if I remember corrâ€¦",LSownsyou,2020-08-25 12:44:05
85,85,"@SamsungIndia Game booster on board.
120Hz touch response.
8GB LPDDR5 RAM.

what else I want to be the best gamer iâ€¦ https://t.co/3Ze5tHJwno",Hemant Gupta,2020-08-25 12:44:04
86,86,Samsung to Link its Crypto Wallet to SKâ€™s Blockchain-powered ID App https://t.co/jpuayoUBAi #bitcoin https://t.co/l6qjSbS5mi,The Bitcoin Street Journal,2020-08-25 12:44:01
87,87,RT @SamsungIndia: The Galaxy Powerfest is almost here and you would not want to miss out. Put on your creative hats and show us your exciteâ€¦,Swatantra Dwivedi,2020-08-25 12:44:01
88,88,"@SamsungIndia S Pen with all its mighty powers.
#GalaxyNote20 
#GalaxyNote20Ultra 
#GalaxyPowerfest 
#Samsung",ShawshanK,2020-08-25 12:43:51
89,89,"RT @jimmyispromo: EVERY NEW FEATURE  -  One UI 2.5
Let's dive in!

Video: https://t.co/NSQfAwzOO0

#Samsung #GalaxyS20 #GalaxyNote20 #Galaxâ€¦",Silvestru,2020-08-25 12:43:45
90,90,RT @ilikejiminsass: The samsung has no value to him,gg_jk â· BANGTAN LOCKDOWN,2020-08-25 12:43:43
91,91,RT @mfwaikollam: First Sale Of Samsung Note 20 Ultra 5G #mammukka #SamsungNote20Ultra @mammukka â¤ï¸ https://t.co/CWgn0yob6L,ASLAM,2020-08-25 12:43:41
92,92,"@Ladyxtel Previously the Head of Content at #Twitter &amp; the lead for Social Business at #Samsung Asia, Christel alsoâ€¦ https://t.co/wXo8vapog9",Crypto_Raver,2020-08-25 12:43:35
93,93,Help us both win a Samsung Galaxy Note20 Ultra from SUPCASE by entering through my unique referral link! https://t.co/ttcv63maUy,JEFFREY J OSMER,2020-08-25 12:43:28
94,94,@jinfIvr itâ€™s samsung dw,â™¡ lynn â·,2020-08-25 12:43:28
95,95,"RT @VodafoneGhana: Buy a Samsung Galaxy S20, S20+, or S20 Ultra and enjoy amazing rewards plus 20GB free data spread across 6 months. 

Diaâ€¦",ğ•¸ğ–€ğ•®ğ•³Ã˜ ğ–˜ğ–Ÿğ–“,2020-08-25 12:43:25
96,96,RT @SamsungIndia: The new #GalaxyNote20 series makes you the best gamer in your squad. Tell us those three features which give you the poweâ€¦,devaram,2020-08-25 12:43:22
97,97,.@Samsung the world and our climate canâ€™t afford any new coal plants! Please say no to building new coal in Vietnam #WrongCallOnCoal,Owen O'Doherty,2020-08-25 12:43:18
98,98,RT @SamsungIndia: The new #GalaxyNote20 series gives you the power to work so that you can make the most out of your working hours. Tell usâ€¦,smita k,2020-08-25 12:43:16
99,99,RT @SamsungIndia: The new #GalaxyNote20 series makes you the best gamer in your squad. Tell us those three features which give you the poweâ€¦,A.PAVAN,2020-08-25 12:43:16
0,0,RT @SamsungIndia: The new #GalaxyNote20 series makes you the best gamer in your squad. Tell us those three features which give you the poweâ€¦,dharaposhia,2020-08-25 12:42:19
1,1,"RT @hyunjaelq: Vote for the artist born in the 2nd week of September who will take over Samsung Station!

please vote for #HYUNJAE ğŸ’™
you caâ€¦",jaz |THE BOYZ ARE COMING|,2020-08-25 12:42:18
2,2,"@Samsung, donâ€™t trash your brand like youâ€™re planning to trash our planet.  Donâ€™t build #vungang2",Michael McLeod,2020-08-25 12:42:16
3,3,"@SamsungIndia The Fastest Processor
Dynamic 6.9-inch 120Hz display
All Day Battery
#GalaxyPowerfest #GalaxyNote20â€¦ https://t.co/tHzQnYMkRe",Shailesh Kumar,2020-08-25 12:42:16
4,4,"RT @Poorvika_Mobile: The wait is over, the Samsung Galaxy Note20 series is now at https://t.co/Wpmqg4vcah !

Starting at â‚¹64999*

Buy Now :â€¦",Sakthivel A,2020-08-25 12:42:08
5,5,"This camera, in fact this whole Samsung S20, is such a dog, especially the cheap ass screen that cracks. My S6 thatâ€¦ https://t.co/butelHiCLO",Steve Cobb,2020-08-25 12:42:03
6,6,@the21psychonaut @bethedopeness @annikaliaaa___ @sgrate__ Ok 1 phone makes all Samsung phones plastic,Ali Khan,2020-08-25 12:42:03
7,7,"RT @hyunjaelq: Vote for the artist born in the 2nd week of September who will take over Samsung Station!

please vote for #HYUNJAE ğŸ’™
you caâ€¦",ğŸ’Œ,2020-08-25 12:41:56
8,8,"@SamsungIndia The new #GalaxyNote20 series comes in a stunning array of mystic hues.
And my fav mystiv hue is Mystiâ€¦ https://t.co/3Wrl9ophFZ",Simran,2020-08-25 12:41:56
9,9,RT @imRaghavji: @SamsungIndia #GalaxyNote20 series best Gaming experience with @Samsung..I have three features of #GalaxyNote20 #GalaxyNoteâ€¦,Raghav Chaturvedi,2020-08-25 12:41:50
10,10,REALLY WANTING THEM SAMSUNG PHONES GONE,ida,2020-08-25 12:41:49
11,11,Stick to phones &amp; technology @Samsung. Get out of coal now. #vungang2,Iqbal Mohamed,2020-08-25 12:41:48
12,12,RT @SamsungIndia: The new #GalaxyNote20 series makes you the best gamer in your squad. Tell us those three features which give you the poweâ€¦,Usha Jain,2020-08-25 12:41:48
13,13,RT @SamsungIndia: The new #GalaxyNote20 series gives you the power to work so that you can make the most out of your working hours. Tell usâ€¦,Hasan.kw,2020-08-25 12:41:47
14,14,"@SamsungIndia Answer 2) Alt Z Life ğŸ‡®ğŸ‡³
#Samsung 
#GalaxyA51
#GalaxyA71
#GalaxyPowerFest @SamsungIndia",Aditya sahni,2020-08-25 12:41:45
15,15,@SamsungIndia #GalaxyNote20 series best Gaming experience with @Samsung..I have three features of #GalaxyNote20â€¦ https://t.co/x7h2AJvin2,Raghav Chaturvedi,2020-08-25 12:41:45
16,16,"RT @AmreliaRuhez: The #GalaxyNote20 Powerphone is finally here! Love all its features especially the Samsung DeX mode, with which you can sâ€¦",Hasan.kw,2020-08-25 12:41:44
17,17,"RT @LouisaCGreve: @KenRoth Ken, should we ask the sponsors about their plans?

@Cocacola @ProcterGamble @omegawatches @Airbnb @Samsung @Toyâ€¦",stellig,2020-08-25 12:41:44
18,18,RT @SamsungIndia: The new #GalaxyNote20 series comes in a stunning array of mystic hues. Tell us which one is your favourite in the commentâ€¦,Hasan.kw,2020-08-25 12:41:42
19,19,@monipersona @BTS_twt is that samsung or iphone hshsh,kameliaâ· is namjoon gf,2020-08-25 12:41:41
20,20,"Samsung Galaxy Note 20/Note 20 Ultra 5G - How to Disable Bixby! https://t.co/RaNfUZwUwd via @YouTube 
By @AndroidStud",cros rosca temptera aka @littlewarriorl,2020-08-25 12:41:41
21,21,RT @SamsungIndia: The new #GalaxyNote20 series lets you seize every moment in a perfect way. Tell us your favourite camera feature in the câ€¦,Shaik Mohammad Tohan,2020-08-25 12:41:40
22,22,The new #GalaxyNote20 series makes you the best gamer in your squad. Tell us those three features which give you thâ€¦ https://t.co/EScNq2wAYA,The Umang Man,2020-08-25 12:41:40
23,23,"RT @SamsungIndia: It's time to Work from Note! The all-new #GalaxyNote20 series is
built for your work and play. Starting at â‚¹64999. Pre-boâ€¦",Hasan.kw,2020-08-25 12:41:39
24,24,"fully convinced he donâ€™t care for his samsung, but be tucking his iphone into bed every night  https://t.co/Sja1gRm2bZ",n â·,2020-08-25 12:41:38
25,25,RT @gogiinc: Samsung Galaxy Note 20 Ultra Top 10 Reason to buy (COOL features you should know about) watch video - https://t.co/tv6k3rO8rUâ€¦,Hasan.kw,2020-08-25 12:41:36
26,26,RT @ilikejiminsass: The samsung has no value to him,Harmanâ·,2020-08-25 12:41:36
27,27,RT @MobileSyrup: Contest: Win a Bell Samsung Galaxy S20 5G! https://t.co/99qTpE49oL https://t.co/BjJmtzrv1r,Aaron,2020-08-25 12:41:28
28,28,RT @SamsungIndia: The new #GalaxyNote20 series lets you seize every moment in a perfect way. Tell us your favourite camera feature in the câ€¦,Hasan.kw,2020-08-25 12:41:27
29,29,Don't be buying @Samsung  again if they build #vungang2,Roger Durgan,2020-08-25 12:41:24
30,30,RT @SamsungIndia: The new #GalaxyNote20 series makes you the best gamer in your squad. Tell us those three features which give you the poweâ€¦,|| Tushar || ğŸ‡®ğŸ‡³,2020-08-25 12:41:14
31,31,"RT @SamsungNewsIN: Hereâ€™s your first glimpse of the â€˜Made in Indiaâ€™ Samsung #GalaxyNote20 from the World's Largest Mobile factory, in Noidaâ€¦",DrBlue,2020-08-25 12:41:08
32,32,"RT @SamsungIndia: Galaxy A51 and A71 now let you switch between the main mode and private mode of your gallery, browser and chats with justâ€¦",â¤ï¸ / QuarantiningğŸ’¤ğŸ˜´ğŸ’¤,2020-08-25 12:41:05
33,33,RT @SamsungIndia: The new #GalaxyNote20 series makes you the best gamer in your squad. Tell us those three features which give you the poweâ€¦,Shaik Mohammad Tohan,2020-08-25 12:41:01
34,34,Namjoon. Your samsung phone.......... https://t.co/aWTwXC4YjU,kcâ· 09/01,2020-08-25 12:41:01
35,35,@backstroke_ I thought their factory being built in Arizona will be supplied by Samsung.,Haplo,2020-08-25 12:41:00
36,36,"Smartphone sales plummet as Samsung and Huawei 'tie' for top spot
https://t.co/583uF4mlxg",TechRadar Pro,2020-08-25 12:41:00
37,37,RT @SamsungIndia: The new #GalaxyNote20 series makes you the best gamer in your squad. Tell us those three features which give you the poweâ€¦,Mogambo,2020-08-25 12:40:55
38,38,"@stufflistings bro there is a report about M51 colour variants below please check this 
https://t.co/dJshZl0oH6",Sumanth S,2020-08-25 12:40:55
39,39,This community has already survived one industrial disaster. Will @Samsung's new coal plant be the next?â€¦ https://t.co/rd1yMDGf1B,Jennie Bloom,2020-08-25 12:40:52
40,40,"RT @SamsungIndia: Galaxy A51 and A71 now let you switch between the main mode and private mode of your gallery, browser and chats with justâ€¦",Aditya sahni,2020-08-25 12:40:52
41,41,RT @ilikejiminsass: The samsung has no value to him,fatimaâ·,2020-08-25 12:40:50
42,42,RT @SamsungIndia: The new #GalaxyNote20 series lets you seize every moment in a perfect way. Tell us your favourite camera feature in the câ€¦,Tushar Khanna,2020-08-25 12:40:48
43,43,@SamsungIndia My favourite camera feature is108MP wide-angle mode camera. One can click photos of professional qualâ€¦ https://t.co/jKAafmzt7O,Tushar Khanna,2020-08-25 12:40:41
44,44,"Samsung Galaxy Buds in Aura Glow color to die for!!
I wish they could be mine ASAPâ£â£
Thank you @sakitechonline https://t.co/hZQc8vDOXH",Media Î· ÎšÎ¿Î¹Î½Ï‰Î½Î¹ÎºÎ®â£,2020-08-25 12:40:37
45,45,#eyes #furry Funny Nordic Abstract Phone Case for Samsung https://t.co/FCMhrHvKuc,Hey Pet Lovers,2020-08-25 12:40:37
46,46,RT @HC_Haplo: @backstroke_ Samsung SDI is supplying Lucid who has made claims with their new Lucid Air battery. Interesting.,Stu Crow,2020-08-25 12:40:33
47,47,Is Samsung calling it quits on the Galaxy Note series? https://t.co/wpnJ21hrax @slideme https://t.co/5Ftc8wtcGn,SlideME Market,2020-08-25 12:40:33
48,48,Samsung Galaxy Watch 3 international giveaway! https://t.co/5hwIzWOxjf,Kas Grant,2020-08-25 12:40:33
49,49,RT @SamsungIndia: The new #GalaxyNote20 series comes in a stunning array of mystic hues. Tell us which one is your favourite in the commentâ€¦,rÃ¢mÃ¿Ã â¤ï¸,2020-08-25 12:40:30
50,50,RT @SamsungIndia: The new #GalaxyNote20 series lets you seize every moment in a perfect way. Tell us your favourite camera feature in the câ€¦,Kartik Dangi,2020-08-25 12:40:27
51,51,@TrousePete Did you get a reply to this? What's the story? Currently have mine on order from Samsung...,Ageless Optimism,2020-08-25 12:40:27
52,52,"[Mobile] WTS: 30, Samsung, Galaxy Buds Live HeadSet, new, best EUR on 08/25/2020 https://t.co/xiHujhLhXY",TBS Software,2020-08-25 12:40:27
53,53,"[Mobile] WTS: 20, Samsung, R840 SmartWatch, New, best EUR on 08/25/2020 https://t.co/W92rsoVC5q",TBS Software,2020-08-25 12:40:26
54,54,"@SamsungIndia ğŸ‘‰Mystic Bronze ğŸ˜
 #GalaxyNote20 #Samsung #ContestAlert @SamsungIndia",Jasvinder Singh,2020-08-25 12:40:23
55,55,"Samsung G531F FRP Lock Remove,Bypass Gmail Without Pc,Without Usb New Me... https://t.co/Es4Hn0ytZ6 via @YouTube",Faisal Mobile,2020-08-25 12:40:18
56,56,@kookoophi It's fine. Samsung has good durability ğŸ¥ºğŸ‘,ğ’ğ’ğ’ğ’â·,2020-08-25 12:40:18
57,57,"[Server/Storage] WTB: 100, Samsung Micron Hynix, 64GB PC4-2400T - 2933Y ECC RAM, New usedâ€¦ https://t.co/bdrjD9Wk63",TBS Software,2020-08-25 12:40:18
58,58,RT @SamsungIndia: The new #GalaxyNote20 series lets you seize every moment in a perfect way. Tell us your favourite camera feature in the câ€¦,MILAN JAIN,2020-08-25 12:40:17
59,59,RT @SamsungIndia: The new #GalaxyNote20 series makes you the best gamer in your squad. Tell us those three features which give you the poweâ€¦,Shaik Tahan,2020-08-25 12:40:13
60,60,RT @SamsungIndia: The new #GalaxyNote20 series makes you the best gamer in your squad. Tell us those three features which give you the poweâ€¦,Vandana VermağŸ’ğŸ“,2020-08-25 12:40:03
61,61,"RT @Pengpappi_xo: [ Short Business Thread for those who want to go into catfish Business]

A Samsung Galaxy j7 phone, costs about 78,000 Naâ€¦",Amirah ğŸŒ»,2020-08-25 12:40:00
62,62,samsung is crying in the corner https://t.co/WcZZqyjKAs,edenâ· ğŸ ,2020-08-25 12:40:00
63,63,RT @SamsungIndia: The new #GalaxyNote20 series makes you the best gamer in your squad. Tell us those three features which give you the poweâ€¦,ğ—šğ—®ğ˜‚ğ—¿ğ—®ğ˜ƒ ğ—šğ—®ğ˜‚ğ˜ğ—®ğ—º (ğ——ğ—¼ğ˜‚ğ—¯ğ—¹ğ—² ğ—š),2020-08-25 12:39:58
64,64,"@rsgnl @reneritchie Do we know anything about the terms? Was ist worth it for Apple, Samsung?",malik.fm ğŸ™âš¡ï¸ ğŸ›«,2020-08-25 12:39:53
65,65,RT @SamsungIndia: Never hesitate to share your phone again with the all-new Quick Switch feature. Guess the correct answer in the commentsâ€¦,â¤ï¸ / QuarantiningğŸ’¤ğŸ˜´ğŸ’¤,2020-08-25 12:39:51
66,66,RT @SamsungIndia: The new #GalaxyNote20 series gives you the power to work so that you can make the most out of your working hours. Tell usâ€¦,RajK,2020-08-25 12:39:49
67,67,@AmazonHelp @Samsung_Cares @jagograhakjago I don't know who's gonna fix it but I want my phone to be fixed. Youâ€¦ https://t.co/wz6avsiO5M,Purna Chandra,2020-08-25 12:39:44
68,68,RT @SamsungIndia: The new #GalaxyNote20 series lets you seize every moment in a perfect way. Tell us your favourite camera feature in the câ€¦,Usha Jain,2020-08-25 12:39:44
69,69,RT @SamsungIndia: The new #GalaxyNote20 series lets you seize every moment in a perfect way. Tell us your favourite camera feature in the câ€¦,ShawshanK,2020-08-25 12:39:42
70,70,"@SamsungIndia All Day Battery
Gaming With 120Hz Adaptive Display
S Pen
Link To Windows
Exports Notes To PPTâ€¦ https://t.co/r6pP6gVcfX",â¤ï¸ / QuarantiningğŸ’¤ğŸ˜´ğŸ’¤,2020-08-25 12:39:41
71,71,"Samsung Galaxy Tab S7, Tab S7+ may go on sale in India from September 7
https://t.co/gIYW7KGhb1",Gadgets 360,2020-08-25 12:39:40
72,72,RT @MobileSyrup: Contest: Win a Bell Samsung S20+ 5G! https://t.co/ujZjy2SCJV https://t.co/c6YVdmUr3B,"Rhee, Youngmin ì´ì˜ë¯¼",2020-08-25 12:39:33
73,73,"Focus on what inspires you rather than what bothers you

#withgalaxy #samsung @samsungID #lensballphotographyâ€¦ https://t.co/fQPkMN2MkJ",Brondhy Syabhastian,2020-08-25 12:39:31
74,74,"RT @SamsungMobile: Play over 100 Xbox games on your phone for the first time.
The power of #5G puts you in the action wherever you are.
#Xbâ€¦",Bear Dams,2020-08-25 12:39:31
75,75,The samsung has no value to him https://t.co/0RPmTOZK2D,moonlight ã€BLM,2020-08-25 12:39:30
76,76,RT @SamsungIndia: The new #GalaxyNote20 series comes in a stunning array of mystic hues. Tell us which one is your favourite in the commentâ€¦,Jasvinder Singh,2020-08-25 12:39:27
77,77,RT @MobileSyrup: Contest: Win a Bell Samsung Galaxy S20 5G! https://t.co/99qTpE49oL https://t.co/BjJmtzrv1r,"Rhee, Youngmin ì´ì˜ë¯¼",2020-08-25 12:39:25
78,78,"@SamsungIndia Renovated intelligent processor Samsung Exynos 990, upgraded cooling system and the smooth 120Hz dispâ€¦ https://t.co/2334Tks60l",Digesh Patel,2020-08-25 12:39:23
79,79,RT @SamsungIndia: The new #GalaxyNote20 series makes you the best gamer in your squad. Tell us those three features which give you the poweâ€¦,Jasvinder Singh,2020-08-25 12:39:13
80,80,"RT @rsgnl: 7 years, 2 months, and 12 days after Apple sued Samsung, the companies have settled. The lawsuit is over. 

Court document *3,83â€¦",AKA,2020-08-25 12:39:10
81,81,RT @kaushal_agrawal: @SamsungIndia Samsung is number 1 mobile brand in the world #GalaxyNote20,vichitra_baalika08,2020-08-25 12:39:09
82,82,"@SamsungIndia My Favourite Powerphone Camera Feature is ğŸ‘‰8K Pro Video ğŸ¥.

#GalaxyPowerfest  #GalaxyNote20â€¦ https://t.co/TmwnE75jcm",RishabhğŸ¤µ,2020-08-25 12:39:08
83,83,RT @SamsungIndia: The new #GalaxyNote20 series makes you the best gamer in your squad. Tell us those three features which give you the poweâ€¦,Krunal Tarale,2020-08-25 12:39:07
84,84,"@SamsungIndia My work ğŸ“±ğŸ’»
My play ğŸ’»ğŸ“± 

#GalaxyPowerfest
#ContestAlert #GalaxyNote20 #Samsung

@Avantika_1D @notadeb @KhushMalhotra",â¤ï¸ / QuarantiningğŸ’¤ğŸ˜´ğŸ’¤,2020-08-25 12:39:07
85,85,RT @SamsungIndia: The new #GalaxyNote20 series makes you the best gamer in your squad. Tell us those three features which give you the poweâ€¦,SIVARAM TANIGRALA,2020-08-25 12:39:06
86,86,"RT @VodafoneGhana: Buy a Samsung Galaxy S20, S20+, or S20 Ultra and enjoy amazing rewards plus 20GB free data spread across 6 months. 

Diaâ€¦",Eli Kofi ğŸ–¤ğŸ—¡ï¸,2020-08-25 12:39:06
87,87,RT @MobileSyrup: Contest: Win a Bell Samsung Galaxy S20 5G! https://t.co/99qTpE49oL https://t.co/BjJmtzrv1r,Adam Ross,2020-08-25 12:39:04
88,88,"@Sargam_in Team, my product is in warranty. As there is some technical fault in my samsung tv. Please resolve it soon.",AKKY,2020-08-25 12:39:01
89,89,This community has already survived one industrial disaster. Will @Samsung's new coal plant be the next? https://t.co/8xoslcMjdF,KATE SARSFIELD,2020-08-25 12:39:00
90,90,This community has already survived one industrial disaster. Will @Samsung's new coal plant be the next? https://t.co/JulPqMLmGj,Marie K,2020-08-25 12:38:59
91,91,"@SamsungIndia 108MP Wide-angle mode is my favourite #GalaxyNote20 #Powerphone camera feature. 
With Wide-angle modeâ€¦ https://t.co/tXtN4BChdq",ShawshanK,2020-08-25 12:38:59
92,92,"Vietnamâ€™s trying to be a clean energy leader, @Samsung. Donâ€™t push #vungang2 and more coal power.",Koz,2020-08-25 12:38:56
93,93,RT @SamsungIndia: The new #GalaxyNote20 series lets you seize every moment in a perfect way. Tell us your favourite camera feature in the câ€¦,rÃ¢mÃ¿Ã â¤ï¸,2020-08-25 12:38:50
94,94,No worries he is a Samsung ambassador ğŸ˜­ https://t.co/DgYxQumBLz,Sashâ·,2020-08-25 12:38:50
95,95,"RT @rsgnl: 7 years, 2 months, and 12 days after Apple sued Samsung, the companies have settled. The lawsuit is over. 

Court document *3,83â€¦",Sir Kamar,2020-08-25 12:38:49
96,96,RT @MobileSyrup: Contest: Win a Bell Samsung S20+ 5G! https://t.co/ujZjy2SCJV https://t.co/c6YVdmUr3B,Gary Pandher,2020-08-25 12:38:48
97,97,"@SamsungIndia 1. A newly renovated intelligent processor.
2. Upgraded Cooling System.
3. Smooth 120Hz display.â€¦ https://t.co/pGOgu68tAF",Vinay Kalra,2020-08-25 12:38:48
98,98,"RT @deora_gunjan: @SamsungIndia â–¶ï¸  Mystic Green
 #GalaxyNote20 #Samsung #ContestAlert @SamsungIndia
Join @Dazzlingcutie1 @SanjayJ45449140â€¦",Satyapal Jain,2020-08-25 12:38:39
99,99,RT @MobileSyrup: Contest: Win a Bell Samsung Galaxy S20 5G! https://t.co/99qTpE49oL https://t.co/BjJmtzrv1r,Shiraz,2020-08-25 12:38:39
0,0,RT @SamsungIndia: The new #GalaxyNote20 series makes you the best gamer in your squad. Tell us those three features which give you the poweâ€¦,TheStoryTeller,2020-08-25 12:38:14
1,1,This community has already survived one industrial disaster. Will @Samsung's new coal plant be the next? https://t.co/Vu0hzarELl,Koz,2020-08-25 12:38:08
2,2,"@SamsungIndia The all new and amazing #GalaxyNote20 gives me these 3 features to be a gaming proğŸ‘‡
ğŸ‘‰ 8GB RAM ğŸ“± whichâ€¦ https://t.co/B3OksrPTdU",Simran,2020-08-25 12:38:06
3,3,"@SamsungIndia My favourite colour is Mystic Bronze. I really wish to win one ğŸ¤©ğŸ¤©ğŸ¤©ğŸ¤©

#GalaxyPowerfest #GalaxyNote20â€¦ https://t.co/ydLs66ckIP",Sarah Khan,2020-08-25 12:38:04
4,4,"RT @MartinBester: The Samsung Blue Tag sale is now on with massive savings on selected Samsung products!
Get up to 40% off Samsung TVâ€™s, taâ€¦",Simphiwe Dlamini,2020-08-25 12:38:03
5,5,@realmecareIN @realmemobiles @MadhavSheth1  please add a new function in upcoming update. So we can control fleshliâ€¦ https://t.co/NFDJ6Eyczx,vipin rawat,2020-08-25 12:38:02
6,6,RT @arihostua_rt: Shout outs to the niggas buying their girlfriends iphones and Samsung S9/10 on their birthdays so they can send us high qâ€¦,D. Ã¡. v. Ã­. e Â©ï¸ğŸ‡ºğŸ‡¬,2020-08-25 12:37:58
7,7,RT @SamsungIndia: The new #GalaxyNote20 series comes in a stunning array of mystic hues. Tell us which one is your favourite in the commentâ€¦,Sarah Khan,2020-08-25 12:37:57
8,8,"RT @KFMza: WIN the new Samsung #GalaxyNote20 today or your share of 10 Galaxy Buds on @KFMza!

To enter:

Go in-store, take a pic with theâ€¦",Deena Padayachee,2020-08-25 12:37:55
9,9,"@SamsungIndia Game booster on board.
240Hz touch response.
8GB LPDDR5 RAM.

what else I want to be the best gamer iâ€¦ https://t.co/6wHYYPj5OM",Hemant Gupta,2020-08-25 12:37:54
10,10,"@Windows386 you can argue that, but samsung didnâ€™t make it plastic for the benefits. they made it plastic solely soâ€¦ https://t.co/OiLM1eLIQh",Michael Burkhardt,2020-08-25 12:37:49
11,11,"I need these...NOW. 

I also need a red Z Fold 2. Samsung makes such a good red color ğŸ¤¤ https://t.co/MapEptIDUf",Anthony,2020-08-25 12:37:41
12,12,RT @SamsungIndia: The new #GalaxyNote20 series gives you the power to work so that you can make the most out of your working hours. Tell usâ€¦,Vishnani Amit,2020-08-25 12:37:30
13,13,RT @SamsungIndia: The new #GalaxyNote20 series makes you the best gamer in your squad. Tell us those three features which give you the poweâ€¦,Shailesh Kumar,2020-08-25 12:37:27
14,14,"SAMSUNG GALAXY M51 RUMOUR ROUNDUP! âš¡âš¡âš¡

Watch this latest video on @TheMrPhone Hindi channel and do subscribe for mâ€¦ https://t.co/tW70uX2Aco",Sumit Ram,2020-08-25 12:37:25
15,15,"@SamsungIndia Mystic Green

#GalaxyNote20 #Samsung #ContestAlert @SamsungIndia",Vishnani Amit,2020-08-25 12:37:25
16,16,"RT @code_brenden: Iâ€™ll give the Samsung Galaxy Note 10 (128 GB) to a random person who retweets this tweet. 

($400 cashout available) 

Shâ€¦",minha,2020-08-25 12:37:21
17,17,RT @SamsungMobileKE: Shop the products you ğŸ’™ with delivery to your door: https://t.co/kekbQSyOYU https://t.co/4D4FPAbQcg,DIGITAL DOCTORS,2020-08-25 12:37:20
18,18,RT @SamsungIndia: The new #GalaxyNote20 series makes you the best gamer in your squad. Tell us those three features which give you the poweâ€¦,Chirag Jain,2020-08-25 12:37:18
19,19,RT @SamsungIndia: The new #GalaxyNote20 series comes in a stunning array of mystic hues. Tell us which one is your favourite in the commentâ€¦,Vishnani Amit,2020-08-25 12:37:12
20,20,RT @SamsungMobileKE: The perfect additions to your Galaxy Note20 Ultra. Explore the power to work and play with the Galaxy Ecosystem:  httpâ€¦,DIGITAL DOCTORS,2020-08-25 12:37:07
21,21,RT @SamsungIndia: The new #GalaxyNote20 series makes you the best gamer in your squad. Tell us those three features which give you the poweâ€¦,Elaine,2020-08-25 12:37:06
22,22,"RT @LowyatNET: #Samsung #FindMyMobile App Can Now Be Used Even Without Data Connection

https://t.co/ScGbIiQTNL https://t.co/aZKFitPZET",ğŸŒá¶ áµƒáµ—á¶¦â¿ğŸ‡,2020-08-25 12:37:04
23,23,RT @SamsungIndia: The new #GalaxyNote20 series makes you the best gamer in your squad. Tell us those three features which give you the poweâ€¦,AjayKumarSahoo,2020-08-25 12:37:02
24,24,RT @SamsungIndia: Are you ready for #GalaxyPowerfest? You donâ€™t want to miss out on this one. Catch the India launch of #GalaxyNote20 serieâ€¦,Vanka Paparao,2020-08-25 12:37:00
25,25,@getbabb I still can't even create a damn account on Samsung Galaxy S10 phone smdh...it's been months now smdh,TheCoinKing aka Oracle of Cryptos,2020-08-25 12:36:59
26,26,RT @SamsungIndia: The new #GalaxyNote20 series makes you the best gamer in your squad. Tell us those three features which give you the poweâ€¦,rÃ¢mÃ¿Ã â¤ï¸,2020-08-25 12:36:59
27,27,RT @SamsungIndia: The new #GalaxyNote20 series lets you seize every moment in a perfect way. Tell us your favourite camera feature in the câ€¦,Elaine,2020-08-25 12:36:57
28,28,RT @beebomco: Samsung's new M series phone is reported to come with a battery bigger than 6000mAh and we cannot wait to see the screen-on-tâ€¦,Hari,2020-08-25 12:36:51
29,29,". @Samsung, canâ€™t believe youâ€™d be making the #wrongcalloncoal and building coal power plants!",angela qasir,2020-08-25 12:36:50
30,30,@flipkartsupport Please Include Samsung Galaxy m21 in the exchangeable items,Harsha S,2020-08-25 12:36:50
31,31,"@SamsungIndia Intelligent Processor 
Upgraded Cooling System
The Smooth 120Hz Display

These three features gives uâ€¦ https://t.co/waXeS0ANOM",Rajat kumar,2020-08-25 12:36:50
32,32,"RT @Poorvika_Mobile: The wait is over, the Samsung Galaxy Note20 series is now at https://t.co/Wpmqg4vcah !

Starting at â‚¹64999*

Buy Now :â€¦",Sulthan Sikkandhar,2020-08-25 12:36:44
33,33,RT @SamsungIndia: The new #GalaxyNote20 series comes in a stunning array of mystic hues. Tell us which one is your favourite in the commentâ€¦,Ekta...,2020-08-25 12:36:43
34,34,RT @catdoyum: #followtrick bts taekook yoongi hobi thread rt if you stan bg gg au ateez red velvet loona kpop blackpink jungkook exo izoneâ€¦,The Daily Brew,2020-08-25 12:36:43
35,35,"RT @TheAFCCL: Which 2ï¸âƒ£ from Group G will advance to the knockout stage? ğŸ¤” 

ğŸ‘ Johor Darul Ta'zim
â¤ï¸ Vissel Kobe
ğŸ˜® Guangzhou Evergrande
ğŸ¤— Sâ€¦",Ø¹Ø±ÙŠÚ¤ Ù„ÙˆØ·Ú¤ÙŠ,2020-08-25 12:36:39
36,36,RT @TechnicalTmax: Samsung Galaxy M31s Worth?? #DabbaKhol #Unboxing and Initial Review ğŸ’¥ https://t.co/K2sLUWZVgL,Hardik Daki,2020-08-25 12:36:34
37,37,RT @SamsungIndia: The new #GalaxyNote20 series comes in a stunning array of mystic hues. Tell us which one is your favourite in the commentâ€¦,Mithun Chatterjee,2020-08-25 12:36:34
38,38,"RT @TXTBigHitWW: WHOSFAN | 200825

Bus TV AD at Samsung Station:
2. #YEONJUN: 44.98% ğŸ”¼

Only a bit until we will take over the first place.â€¦",Joshua Layug,2020-08-25 12:36:29
39,39,Is Samsung calling it quits on the Galaxy Note series? https://t.co/orf5YsLBZ0 https://t.co/LFRmKqJtcf,Phandroid,2020-08-25 12:36:27
40,40,"@yeslek749 same here, my galaxy S8 feels new, but its already been 3 years since i got it. and then i look at the lâ€¦ https://t.co/3GiOl3LLes",Leanne Mustafa,2020-08-25 12:36:26
41,41,RT @SamsungIndia: The new #GalaxyNote20 series makes you the best gamer in your squad. Tell us those three features which give you the poweâ€¦,Pushpak Porwal,2020-08-25 12:36:25
42,42,RT @SamsungIndia: Are you ready for #GalaxyPowerfest? You donâ€™t want to miss out on this one. Catch the India launch of #GalaxyNote20 serieâ€¦,sahjad alam,2020-08-25 12:36:23
43,43,"RT @Dazzlingcutie1: @SamsungIndia Mystic Bronze ğŸŒˆ
#GalaxyNote20 #Samsung #ContestAlert 
@SamsungIndia 
Join @satyapaljain_86 @JainShantilalâ€¦",Ekta...,2020-08-25 12:36:22
44,44,RT @SamsungIndia: Are you ready for #GalaxyPowerfest? You donâ€™t want to miss out on this one. Catch the India launch of #GalaxyNote20 serieâ€¦,Sanjay kumarDHFMS,2020-08-25 12:36:18
45,45,RT @SamsungIndia: The new #GalaxyNote20 series makes you the best gamer in your squad. Tell us those three features which give you the poweâ€¦,PhoenixX ğŸ’œ,2020-08-25 12:36:15
46,46,"RT @code_brenden: Iâ€™ll give the Samsung Galaxy Note 10 (128 GB) to a random person who retweets this tweet. 

($400 cashout available) 

Shâ€¦",|PICKAWIFEISME|,2020-08-25 12:36:07
47,47,Samsung Galaxy S10+ factory unlocked smartphones are $699.99 at Amazon today: https://t.co/F03uPjXw9t https://t.co/s3kIF5Qz76,IGN Deals,2020-08-25 12:36:07
48,48,RT @SamsungIndia: The new #GalaxyNote20 series makes you the best gamer in your squad. Tell us those three features which give you the poweâ€¦,Sarah Khan,2020-08-25 12:36:04
49,49,"Farmers Market today from 10 a.m. till 3 p.m. by the Lobby Gallery as you walk towards PRI. Cash, credit/debit andâ€¦ https://t.co/7XjPF3ElBZ",Get Healthy UAMS,2020-08-25 12:36:04
50,50,RT @SamsungIndia: The new #GalaxyNote20 series comes in a stunning array of mystic hues. Tell us which one is your favourite in the commentâ€¦,Tushar Khanna,2020-08-25 12:36:02
51,51,"RT @SeanMcDonnell5: Before the end of the year we have so much to look forward to, hopefully we are going to hear more about the LG partnerâ€¦",Rich Rich,2020-08-25 12:36:00
52,52,RT @SamsungIndia: The new #GalaxyNote20 series makes you the best gamer in your squad. Tell us those three features which give you the poweâ€¦,Vanka Paparao,2020-08-25 12:35:58
53,53,RT @SamsungIndia: The new #GalaxyNote20 series lets you seize every moment in a perfect way. Tell us your favourite camera feature in the câ€¦,Vishnani Amit,2020-08-25 12:35:58
54,54,RT @SamsungIndia: The new #GalaxyNote20 series makes you the best gamer in your squad. Tell us those three features which give you the poweâ€¦,Sanket_b23,2020-08-25 12:35:43
55,55,"@SamsungIndia I'll use #QuickSwitch feature to hide my documents and other details (gallery, browser, chats) from mâ€¦ https://t.co/VxS62HyaXz",Aditya sahni,2020-08-25 12:35:42
56,56,RT @SamsungIndia: The new #GalaxyNote20 series makes you the best gamer in your squad. Tell us those three features which give you the poweâ€¦,Joydeb Debnath,2020-08-25 12:35:41
57,57,"RT @Gadgets360: Is Samsung Galaxy M31s the best smartphone under Rs. 20,000 in India? https://t.co/C4iKHHWYLh",Anand Sabharwal,2020-08-25 12:35:40
58,58,RT @SamsungIndia: The new #GalaxyNote20 series lets you seize every moment in a perfect way. Tell us your favourite camera feature in the câ€¦,ShivağŸ‡®ğŸ‡³,2020-08-25 12:35:39
59,59,@AmazonHelp @Samsung_Cares @jagograhakjago I already have checked with @SamsungIndia care &amp; dey said dey can't do uâ€¦ https://t.co/tGLqwyNHYz,Purna Chandra,2020-08-25 12:35:32
60,60,RT @SovereignAnnie: Cannot believe what Iâ€™m reading. @Samsung building a new coal fired power plant? Is this true?,ConfidenceOverFear,2020-08-25 12:35:26
61,61,RT @AndroidPolice: The Samsung Galaxy Z Fold2 revealed in full in this review video https://t.co/ai1stAdqYK https://t.co/H4lJrUnusm,The Inner Detail,2020-08-25 12:35:25
62,62,RT @TheDivaaaaaa: Samsung phones be like: https://t.co/LDntRlmGs9,Mahendra JadavğŸ‡®ğŸ‡³,2020-08-25 12:35:25
63,63,@YahooCare @yahoomail I got an email saying that on Oct 20 that I may no longer use third party apps and needto takâ€¦ https://t.co/OkfGJty8Fu,Karen ğŸ’‹,2020-08-25 12:35:23
64,64,"@SamsungIndia My favourite feature is 50X Super Resolution Zoom ğŸ¤©ğŸ¤©ğŸ¤©ğŸ¤©

#GalaxyPowerfest #GalaxyNote20â€¦ https://t.co/QNS3D2ia0Z",Sarah Khan,2020-08-25 12:35:22
65,65,RT @SamsungIndia: The new #GalaxyNote20 series makes you the best gamer in your squad. Tell us those three features which give you the poweâ€¦,Yash Oza,2020-08-25 12:35:18
66,66,RT @MobileSyrup: Contest: Win a Bell Samsung Galaxy S20 5G! https://t.co/99qTpE49oL https://t.co/BjJmtzrv1r,John Kramps,2020-08-25 12:35:14
67,67,"RT @techreview_pk: #Samsung set to launch smartphone assembly plant in #Pakistan
Read the full detail here: https://t.co/7XonHWGz5N https:/â€¦",à¿™áš”âœ¶ÎºĞ½Î±Ğ¸ zÎ±âˆ‚Î±ášášášáššà¿š,2020-08-25 12:35:13
68,68,@DrOvieTee @wammiri Samsung music,#ThinkAboutIt,2020-08-25 12:35:11
69,69,@SamsungIndia VERY BAD SERVICE I have buy front load washing machine and registered for installation and demo on 20â€¦ https://t.co/BHSH2gIuQn,LULU SAHANI,2020-08-25 12:35:10
70,70,"RT @techreview_pk: #Samsung set to launch smartphone assembly plant in #Pakistan
Read the full detail here: https://t.co/7XonHWGz5N https:/â€¦",Wardah Irfan Sh,2020-08-25 12:35:06
71,71,@twsimpnap I under stand Samsung refrigerator ğŸ¥°ğŸ¥°ğŸ¥°ğŸ˜»ğŸ˜¼ I would do the same tbh,Sara_ur_mom,2020-08-25 12:35:05
72,72,RT @SamsungIndia: The new #GalaxyNote20 series lets you seize every moment in a perfect way. Tell us your favourite camera feature in the câ€¦,Sarah Khan,2020-08-25 12:35:01
73,73,"RT @hwangmh01: 2022
AMD for Samsung",TheQuietCanvas,2020-08-25 12:35:01
74,74,"@konkrumah Samsung 32"" Led Satellite Digital TV
Price GHÂ¢ 899

12 months warranty
Brand New Inbox
Please call me onâ€¦ https://t.co/3EOpjbCcna",ifuture,2020-08-25 12:34:59
75,75,"RT @CommoTariTendo: NEW! Pink Chandelier Ipad Mini Samsung Galaxy Tab 8"" Tablet Folio Case Cover
#PinkChandelier #IpadMini #SamsungGalaxyTaâ€¦",LampworkBench,2020-08-25 12:34:55
76,76,"RT @alyiabubbles: I got a chance to upgrade but I donâ€™t want my drawing tablet to be left unused ğŸ™

Anyone need a tablet? This is samsung gâ€¦",ğ“ªğ“¶ğ“²ğ“­ğ“ªğ“µğ“ª ğŸŒ» MARY KAYğŸ€ğŸ’•âœ¨,2020-08-25 12:34:49
77,77,"@FckYaya I still got my 10, my next phone Iâ€™m going back to Samsung..",NitaMoni,2020-08-25 12:34:47
78,78,RT @SamsungIndia: The new #GalaxyNote20 series makes you the best gamer in your squad. Tell us those three features which give you the poweâ€¦,Vinay Kalra,2020-08-25 12:34:47
79,79,"@SamsungIndia Hyperfast Processor, All day battery with fast charge, 120Hz adaptive display
#GalaxyNote20â€¦ https://t.co/2pO9vCRn4n",Rohit Gaur,2020-08-25 12:34:46
80,80,"Samsung Galaxy Note20 (mystic bronze, 256 GB) mit Congstar Allnet Flat MÂ LTE50 https://t.co/KOUGiu1xsh",Toni Schlack,2020-08-25 12:34:45
81,81,"Samsung Galaxy Note20 (mystic bronze, 256 GB) mit Congstar Allnet Flat MÂ LTE50 https://t.co/11etAL9IDY",Toni Schlack,2020-08-25 12:34:45
82,82,Crystal Patterned Bezel Ring for Samsung Galaxy Watch #smartwatchestyle #smartwatchesaddict https://t.co/JwVIjShlvO https://t.co/S5Y1odRwmL,SmartyWrist Store,2020-08-25 12:34:41
83,83,RT @SamsungIndia: The new #GalaxyNote20 series makes you the best gamer in your squad. Tell us those three features which give you the poweâ€¦,ShivağŸ‡®ğŸ‡³,2020-08-25 12:34:32
84,84,"RT @Poorvika_Mobile: The wait is over, the Samsung Galaxy Note20 series is now at https://t.co/Wpmqg4vcah !

Starting at â‚¹64999*

Buy Now :â€¦",Prabu,2020-08-25 12:34:31
85,85,RT @SamsungIndia: Are you ready for #GalaxyPowerfest? You donâ€™t want to miss out on this one. Catch the India launch of #GalaxyNote20 serieâ€¦,T SAI TEJA ( FAN OF PSPK),2020-08-25 12:34:29
86,86,RT @SamsungIndia: The new #GalaxyNote20 series makes you the best gamer in your squad. Tell us those three features which give you the poweâ€¦,Rohit,2020-08-25 12:34:29
87,87,RT @SamsungIndia: The new #GalaxyNote20 series lets you seize every moment in a perfect way. Tell us your favourite camera feature in the câ€¦,Sanket_b23,2020-08-25 12:34:27
88,88,RT @SamsungIndia: The new #GalaxyNote20 series makes you the best gamer in your squad. Tell us those three features which give you the poweâ€¦,HARDIK TANK,2020-08-25 12:34:24
89,89,"However, you are free to choose whatever else you want, out of these preselected choices. Democrat or Republican, iâ€¦ https://t.co/4EMBZe4XZq",Helm Of Awesome,2020-08-25 12:34:23
90,90,"RT Gartner_inc ""Gartner analyst anshul1802 says global #smartphone sales declined 20% in 2Q20. Samsung &amp; Huawei movâ€¦ https://t.co/uRzltZlFAw",Harm Marten Hulshof,2020-08-25 12:34:23
91,91,"RT @LivEchonews: The latest iPhones, iPads, Apple Watch as well as Sony and Samsung phones were seized https://t.co/SBRz4d5ROs",Brenda,2020-08-25 12:34:22
92,92,RT @SamsungIndia: The new #GalaxyNote20 series makes you the best gamer in your squad. Tell us those three features which give you the poweâ€¦,Vishnani Amit,2020-08-25 12:34:21
93,93,"RT @Poorvika_Mobile: The wait is over, the Samsung Galaxy Note20 series is now at https://t.co/Wpmqg4vcah !

Starting at â‚¹64999*

Buy Now :â€¦",S.Surya Prakash,2020-08-25 12:34:18
94,94,This community has already survived one industrial disaster. Will @Samsung's new coal plant be the next? https://t.co/gD9NgYTAsv,Sebastiano,2020-08-25 12:34:18
95,95,"There is 'too big to fail' and then there is 'Samsung Risk' which says that if Samsung Group would fall somehow, itâ€¦ https://t.co/1djQEw9WWq",IshaanBhola,2020-08-25 12:34:15
96,96,"@SamsungIndia 1. An epic gaming session can happen anywhere with a newly renovated intelligent processor, upgradedâ€¦ https://t.co/rArOQiQqI4",Vinay Kalra,2020-08-25 12:34:14
97,97,RT @SamsungIndia: The new #GalaxyNote20 series comes in a stunning array of mystic hues. Tell us which one is your favourite in the commentâ€¦,Sudeep Tawde,2020-08-25 12:34:12
98,98,RT @SamsungIndia: The new #GalaxyNote20 series gives you the power to work so that you can make the most out of your working hours. Tell usâ€¦,BangTechS,2020-08-25 12:34:07
99,99,RT @ishanagarwal24: Wow Chinese people know how to make their technology review videos (the vibe and the whole thing)... This is probably oâ€¦,V3S9K,2020-08-25 12:34:06
0,0,"RT @techreview_pk: #Samsung set to launch smartphone assembly plant in #Pakistan
Read the full detail here: https://t.co/7XonHWGz5N https:/â€¦",Wardah Irfan Sh,2020-08-25 12:35:06
1,1,@twsimpnap I under stand Samsung refrigerator ğŸ¥°ğŸ¥°ğŸ¥°ğŸ˜»ğŸ˜¼ I would do the same tbh,Sara_ur_mom,2020-08-25 12:35:05
2,2,RT @SamsungIndia: The new #GalaxyNote20 series lets you seize every moment in a perfect way. Tell us your favourite camera feature in the câ€¦,Sarah Khan,2020-08-25 12:35:01
3,3,"RT @hwangmh01: 2022
AMD for Samsung",TheQuietCanvas,2020-08-25 12:35:01
4,4,"@konkrumah Samsung 32"" Led Satellite Digital TV
Price GHÂ¢ 899

12 months warranty
Brand New Inbox
Please call me onâ€¦ https://t.co/3EOpjbCcna",ifuture,2020-08-25 12:34:59
5,5,"RT @CommoTariTendo: NEW! Pink Chandelier Ipad Mini Samsung Galaxy Tab 8"" Tablet Folio Case Cover
#PinkChandelier #IpadMini #SamsungGalaxyTaâ€¦",LampworkBench,2020-08-25 12:34:55
6,6,"RT @alyiabubbles: I got a chance to upgrade but I donâ€™t want my drawing tablet to be left unused ğŸ™

Anyone need a tablet? This is samsung gâ€¦",ğ“ªğ“¶ğ“²ğ“­ğ“ªğ“µğ“ª ğŸŒ» MARY KAYğŸ€ğŸ’•âœ¨,2020-08-25 12:34:49
7,7,"@FckYaya I still got my 10, my next phone Iâ€™m going back to Samsung..",NitaMoni,2020-08-25 12:34:47
8,8,RT @SamsungIndia: The new #GalaxyNote20 series makes you the best gamer in your squad. Tell us those three features which give you the poweâ€¦,Vinay Kalra,2020-08-25 12:34:47
9,9,"@SamsungIndia Hyperfast Processor, All day battery with fast charge, 120Hz adaptive display
#GalaxyNote20â€¦ https://t.co/2pO9vCRn4n",Rohit Gaur,2020-08-25 12:34:46
10,10,"Samsung Galaxy Note20 (mystic bronze, 256 GB) mit Congstar Allnet Flat MÂ LTE50 https://t.co/KOUGiu1xsh",Toni Schlack,2020-08-25 12:34:45
11,11,"Samsung Galaxy Note20 (mystic bronze, 256 GB) mit Congstar Allnet Flat MÂ LTE50 https://t.co/11etAL9IDY",Toni Schlack,2020-08-25 12:34:45
12,12,Crystal Patterned Bezel Ring for Samsung Galaxy Watch #smartwatchestyle #smartwatchesaddict https://t.co/JwVIjShlvO https://t.co/S5Y1odRwmL,SmartyWrist Store,2020-08-25 12:34:41
13,13,RT @SamsungIndia: The new #GalaxyNote20 series makes you the best gamer in your squad. Tell us those three features which give you the poweâ€¦,ShivağŸ‡®ğŸ‡³,2020-08-25 12:34:32
14,14,"RT @Poorvika_Mobile: The wait is over, the Samsung Galaxy Note20 series is now at https://t.co/Wpmqg4vcah !

Starting at â‚¹64999*

Buy Now :â€¦",Prabu,2020-08-25 12:34:31
15,15,RT @SamsungIndia: Are you ready for #GalaxyPowerfest? You donâ€™t want to miss out on this one. Catch the India launch of #GalaxyNote20 serieâ€¦,T SAI TEJA ( FAN OF PSPK),2020-08-25 12:34:29
16,16,RT @SamsungIndia: The new #GalaxyNote20 series makes you the best gamer in your squad. Tell us those three features which give you the poweâ€¦,Rohit,2020-08-25 12:34:29
17,17,RT @SamsungIndia: The new #GalaxyNote20 series lets you seize every moment in a perfect way. Tell us your favourite camera feature in the câ€¦,Sanket_b23,2020-08-25 12:34:27
18,18,RT @SamsungIndia: The new #GalaxyNote20 series makes you the best gamer in your squad. Tell us those three features which give you the poweâ€¦,HARDIK TANK,2020-08-25 12:34:24
19,19,"However, you are free to choose whatever else you want, out of these preselected choices. Democrat or Republican, iâ€¦ https://t.co/4EMBZe4XZq",Helm Of Awesome,2020-08-25 12:34:23
20,20,"RT Gartner_inc ""Gartner analyst anshul1802 says global #smartphone sales declined 20% in 2Q20. Samsung &amp; Huawei movâ€¦ https://t.co/uRzltZlFAw",Harm Marten Hulshof,2020-08-25 12:34:23
21,21,"RT @LivEchonews: The latest iPhones, iPads, Apple Watch as well as Sony and Samsung phones were seized https://t.co/SBRz4d5ROs",Brenda,2020-08-25 12:34:22
22,22,RT @SamsungIndia: The new #GalaxyNote20 series makes you the best gamer in your squad. Tell us those three features which give you the poweâ€¦,Vishnani Amit,2020-08-25 12:34:21
23,23,"RT @Poorvika_Mobile: The wait is over, the Samsung Galaxy Note20 series is now at https://t.co/Wpmqg4vcah !

Starting at â‚¹64999*

Buy Now :â€¦",S.Surya Prakash,2020-08-25 12:34:18
24,24,This community has already survived one industrial disaster. Will @Samsung's new coal plant be the next? https://t.co/gD9NgYTAsv,Sebastiano,2020-08-25 12:34:18
25,25,"There is 'too big to fail' and then there is 'Samsung Risk' which says that if Samsung Group would fall somehow, itâ€¦ https://t.co/1djQEw9WWq",IshaanBhola,2020-08-25 12:34:15
26,26,"@SamsungIndia 1. An epic gaming session can happen anywhere with a newly renovated intelligent processor, upgradedâ€¦ https://t.co/rArOQiQqI4",Vinay Kalra,2020-08-25 12:34:14
27,27,RT @SamsungIndia: The new #GalaxyNote20 series comes in a stunning array of mystic hues. Tell us which one is your favourite in the commentâ€¦,Sudeep Tawde,2020-08-25 12:34:12
28,28,RT @SamsungIndia: The new #GalaxyNote20 series gives you the power to work so that you can make the most out of your working hours. Tell usâ€¦,BangTechS,2020-08-25 12:34:07
29,29,RT @ishanagarwal24: Wow Chinese people know how to make their technology review videos (the vibe and the whole thing)... This is probably oâ€¦,V3S9K,2020-08-25 12:34:06
30,30,RT @TechmashDave: Unboxed the new Samsung Galaxy Buds Live! https://t.co/WZPnXGf8Pp #TechmashDave #TechMASHUK #MashedDotCom #Samsung #Galaxâ€¦,TechMASH,2020-08-25 12:34:05
31,31,"RT @LowyatNET: #Samsung #FindMyMobile App Can Now Be Used Even Without Data Connection

https://t.co/ScGbIiQTNL https://t.co/aZKFitPZET",NSR,2020-08-25 12:34:04
32,32,"RT @TXTBigHitWW: WHOSFAN | 200825

Bus TV AD at Samsung Station:
2. #YEONJUN: 42.14% ğŸ”¼

Have you voted today, MOA? If not, now is the timeâ€¦",Joshua Layug,2020-08-25 12:34:03
33,33,"RT @MfwaiKanhangad: Latest LoOk..@mammukka â¤ï¸

First Sale of Samsung Note 20 Ultra 5G.
#samsungnote20ultra5G 
#MammukkaBdayTrendOnSep6 httpâ€¦",Sajwal Raj kannur,2020-08-25 12:34:03
34,34,RT @TechmashDave: Unboxed the new Samsung Galaxy Buds Live! https://t.co/WZPnXGf8Pp #TechmashDave #TechMASHUK #MashedDotCom #Samsung #Galaxâ€¦,Just Tweet It!,2020-08-25 12:33:59
35,35,#followtrick bts taekook yoongi hobi thread rt if you stan bg gg au ateez red velvet loona kpop blackpink jungkookâ€¦ https://t.co/gnxrBPyPRb,ãƒ—ãƒªãƒ³,2020-08-25 12:33:57
36,36,RT @SamsungIndia: The new #GalaxyNote20 series makes you the best gamer in your squad. Tell us those three features which give you the poweâ€¦,Hasan.kw,2020-08-25 12:33:56
37,37,"RT @FatKidDeals: Samsung SSD 860 EVO 1TB 2.5 Inch SATA III Internal SSD for $92!  

20% discount updates at checkout!

https://t.co/wE6lbyTâ€¦",Andy Herrera,2020-08-25 12:33:55
38,38,"RT @Poorvika_Mobile: The wait is over, the Samsung Galaxy Note20 series is now at https://t.co/Wpmqg4vcah !

Starting at â‚¹64999*

Buy Now :â€¦",GBala,2020-08-25 12:33:50
39,39,Unboxed the new Samsung Galaxy Buds Live! https://t.co/WZPnXGf8Pp #TechmashDave #TechMASHUK #MashedDotCom #Samsungâ€¦ https://t.co/49Q5nWrx9B,Dave!,2020-08-25 12:33:49
40,40,"RT @Poorvika_Mobile: The wait is over, the Samsung Galaxy Note20 series is now at https://t.co/Wpmqg4vcah !

Starting at â‚¹64999*

Buy Now :â€¦",Andro siva,2020-08-25 12:33:45
41,41,"RT @SamsungMobile: Meet #GalaxyBudsLive! Here's a quick #unboxing and first look of the Galaxy Buds Live.

For more information, visit httpâ€¦",ÃS21,2020-08-25 12:33:43
42,42,"RT @bpbillboard: Jennie for KT Samsung Galaxy Note 20!

(c) owners
.#JENNIE_GalaxyNote20 #KTxJENNIERedNote @BLACKPINK @ygofficialblink httpâ€¦",Halis Kosova,2020-08-25 12:33:39
43,43,@GIAWSPICY (from a samsung) https://t.co/Sm0FMmD17r,sky,2020-08-25 12:33:37
44,44,"@SamsungIndia Mystic Bronze ğŸ’–
#GalaxyNote20 #Samsung #ContestAlert 
@SamsungIndia
Join
@satyapaljain_86â€¦ https://t.co/3o1UZWiWvH",Shivam Sharma,2020-08-25 12:33:34
45,45,"@SamsungIndia Powerful Processor ğŸ’ª 
Immersive amoled display ğŸ“º 
Huge screen for gamers ğŸ˜ğŸ˜

Biggest wish to get luckâ€¦ https://t.co/oBbe2C48EA",ğŸ€ Shagufta SaL â—ŸÌ½â—Ì½,2020-08-25 12:33:34
46,46,"RT @CommoTariTendo: NEW! Pink Chandelier Ipad Mini Samsung Galaxy Tab 8"" Tablet Folio Case Cover
#PinkChandelier #IpadMini #SamsungGalaxyTaâ€¦",Spirit Baker,2020-08-25 12:33:32
47,47,RT @engadget: See how the Galaxy Z Fold 2 differs from its predecessor https://t.co/dYoheZb95z https://t.co/tbSYfyIrqq,Charly Prudent,2020-08-25 12:33:30
48,48,"RT @Poorvika_Mobile: The wait is over, the Samsung Galaxy Note20 series is now at https://t.co/Wpmqg4vcah !

Starting at â‚¹64999*

Buy Now :â€¦",P R Bala,2020-08-25 12:33:26
49,49,RT @SamsungIndia: The new #GalaxyNote20 series makes you the best gamer in your squad. Tell us those three features which give you the poweâ€¦,Rajat kumar,2020-08-25 12:33:21
50,50,@SamsungIndia Mystic Black. Black is a trademark colour for Samsung and this colour fits every Samsung smartphone pâ€¦ https://t.co/LIuNckLSPz,Sobin,2020-08-25 12:33:19
51,51,"RT @GiveawayBase: Grab your free entries for a chance to #win #smartwatch! #worldwide #giveaway #sweepstakes #Free 
LIKE + enter via link bâ€¦",Catnip202X,2020-08-25 12:33:12
52,52,@ClarkHoward clark is there a tv you recomend? i have a  65 inch samsung.its 4k i love it but i want to go 80 incheâ€¦ https://t.co/7xxDqLg0EM,raggie34,2020-08-25 12:33:11
53,53,@SamsungIndia VERY BAD SERVICE I have buy front load washing machine and registered for installation and demo on 20â€¦ https://t.co/Oa1Zp88GPS,LULU SAHANI,2020-08-25 12:33:10
54,54,"RT @Poorvika_Mobile: The wait is over, the Samsung Galaxy Note20 series is now at https://t.co/Wpmqg4vcah !

Starting at â‚¹64999*

Buy Now :â€¦",Mohamed Rajik S,2020-08-25 12:33:09
55,55,This community has already survived one industrial disaster. Will @Samsung's new coal plant be the next? https://t.co/dubEqsDOeY,Mercedes Valls Lolla,2020-08-25 12:33:09
56,56,This community has already survived one industrial disaster. Will @Samsung's new coal plant be the next? https://t.co/fwyDHquJs2,Golden Pipit,2020-08-25 12:33:08
57,57,"RT @GiveawayBase: Grab your free entries for a chance to #win #smartwatch! #worldwide #giveaway #sweepstakes #Free 
LIKE + enter via link bâ€¦",charles polman,2020-08-25 12:33:04
58,58,RT @SamsungIndia: The new #GalaxyNote20 series makes you the best gamer in your squad. Tell us those three features which give you the poweâ€¦,Flying Bird,2020-08-25 12:33:04
59,59,RT @SamsungIndia: The new #GalaxyNote20 series makes you the best gamer in your squad. Tell us those three features which give you the poweâ€¦,WHITE_DEVIL,2020-08-25 12:33:01
60,60,@SamsungIndia Samsung always proves itself the best with all its flagshipsâ™¥ï¸ğŸ’¯,Tech Fan,2020-08-25 12:32:57
61,61,RT @SamsungIndia: The new #GalaxyNote20 series makes you the best gamer in your squad. Tell us those three features which give you the poweâ€¦,Bhargav Gor,2020-08-25 12:32:55
62,62,"RT @Poorvika_Mobile: The wait is over, the Samsung Galaxy Note20 series is now at https://t.co/Wpmqg4vcah !

Starting at â‚¹64999*

Buy Now :â€¦",.@,2020-08-25 12:32:54
63,63,RT @SamsungIndia: The new #GalaxyNote20 series comes in a stunning array of mystic hues. Tell us which one is your favourite in the commentâ€¦,Durai .M,2020-08-25 12:32:53
64,64,"RT @TXTBigHitWW: WHOSFAN | 200825

Bus TV AD at Samsung Station:
2. #YEONJUN: 44.98% ğŸ”¼

Only a bit until we will take over the first place.â€¦",mochi rabbit,2020-08-25 12:32:50
65,65,@backstroke_ Samsung SDI is supplying Lucid who has made claims with their new Lucid Air battery. Interesting.,Haplo,2020-08-25 12:32:45
66,66,RT @SamsungIndia: The new #GalaxyNote20 series gives you the power to work so that you can make the most out of your working hours. Tell usâ€¦,â¤ï¸ / QuarantiningğŸ’¤ğŸ˜´ğŸ’¤,2020-08-25 12:32:45
67,67,Sooner or later when I get my new phone sorry to my Samsung friends going back with iphone,#MILEHIGHMAFIA,2020-08-25 12:32:42
68,68,"RT @samsungID: Mirror your phone's screen to #SamsungTV is quick, easy, and amazing. 

Just turn on Tap View on the SmartThings app and tapâ€¦",WatermelonSugarğŸ‰,2020-08-25 12:32:41
69,69,"So today my coworker just ""accidentally"" buy a Samsung S20+ BTS Limited Edition.",Taraâ·,2020-08-25 12:32:41
70,70,Samsung Galaxy Watch 3 international giveaway @androidauth #giveaway https://t.co/ToVNawq4I3,hlatsindica,2020-08-25 12:32:39
71,71,RT @SamsungIndia: The new #GalaxyNote20 series lets you seize every moment in a perfect way. Tell us your favourite camera feature in the câ€¦,Durai .M,2020-08-25 12:32:38
72,72,Fine dust from coal plants kill tens of thousands of people each year in Vietnam â€” Vung Ang 2 will make this worse @Samsung #WrongCallOnCoal,sally stringer,2020-08-25 12:32:35
73,73,@sasmit79953593 @ShreeshaMS2 @geekyranjit So according to you this 5.3 crap will fly in terms of performance with iâ€¦ https://t.co/YF3VSGqcZ3,Juan,2020-08-25 12:32:32
74,74,RT @SamsungIndia: The new #GalaxyNote20 series lets you seize every moment in a perfect way. Tell us your favourite camera feature in the câ€¦,RishabhğŸ¤µ,2020-08-25 12:32:27
75,75,RT @SamsungIndia: Are you ready for #GalaxyPowerfest? You donâ€™t want to miss out on this one. Catch the India launch of #GalaxyNote20 serieâ€¦,RAJU_DHFMâœ¨,2020-08-25 12:32:26
76,76,"RT @conserBAEtive: Happiness! Red Velvet stickers from samsung galaxy 1/3

*yeri not included https://t.co/ljYb3BBh2J",yuri,2020-08-25 12:32:26
77,77,RT @MobileSyrup: Contest: Win a Bell Samsung S20+ 5G! https://t.co/ujZjy2SCJV https://t.co/c6YVdmUr3B,Alexander Yee,2020-08-25 12:32:21
78,78,The full specifications of the upcoming Galaxy M31s has leaked https://t.co/Tz2HUointL #galaxym31s,TechnologyNow,2020-08-25 12:32:16
79,79,RT @SamsungIndia: The new #GalaxyNote20 series makes you the best gamer in your squad. Tell us those three features which give you the poweâ€¦,ğŸ€ Shagufta SaL â—ŸÌ½â—Ì½,2020-08-25 12:32:16
80,80,RT @MobileSyrup: Contest: Win a Bell Samsung Galaxy S20 5G! https://t.co/99qTpE49oL https://t.co/BjJmtzrv1r,Alexander Yee,2020-08-25 12:32:08
81,81,RT @SamsungIndia: The new #GalaxyNote20 series makes you the best gamer in your squad. Tell us those three features which give you the poweâ€¦,Rasika Pednekar,2020-08-25 12:32:08
82,82,"I lowkey want to get an ""S"" Samsung Galaxy phone one day",âœ§Ë–Â°à¿ â”€â”€ ğ’ğŒğˆğ‹ğ„ ; ğŸ‘ ğƒğ€ğ˜ğ’.,2020-08-25 12:32:08
83,83,RT @SamsungIndia: The new #GalaxyNote20 series comes in a stunning array of mystic hues. Tell us which one is your favourite in the commentâ€¦,â¤ï¸ / QuarantiningğŸ’¤ğŸ˜´ğŸ’¤,2020-08-25 12:32:07
84,84,"RT @SamsungMobile: Meet #GalaxyBudsLive! Here's a quick #unboxing and first look of the Galaxy Buds Live.

For more information, visit httpâ€¦",Simon Ashcroft,2020-08-25 12:32:07
85,85,"RT @SamsungMobile: Meet #GalaxyBudsLive! Here's a quick #unboxing and first look of the Galaxy Buds Live.

For more information, visit httpâ€¦",Dafit Hartono,2020-08-25 12:32:04
86,86,"RT @Dazzlingcutie1: @SamsungIndia 50X Super Resolution Zoom ğŸŒˆ
#GalaxyNote20 #Samsung #ContestAlert 
@SamsungIndia
Join @satyapaljain_86 @Jaâ€¦",Sarvesh Jain,2020-08-25 12:32:03
87,87,RT @SamsungIndia: The new #GalaxyNote20 series comes in a stunning array of mystic hues. Tell us which one is your favourite in the commentâ€¦,Shivam Sharma,2020-08-25 12:32:03
88,88,"@_jungKOOKIE13 @BTS_twt and the Samsung phone in this time ""am I a joke for you!? ğŸ—¿""",Kate.Kuryliak,2020-08-25 12:31:59
89,89,Communities in Ha Tinh province want to develop with cleaner energy @Samsung. Donâ€™t build #vungang2,Ben van Dongen,2020-08-25 12:31:57
90,90,"RT @Dazzlingcutie1: @SamsungIndia Mystic Bronze ğŸŒˆ
#GalaxyNote20 #Samsung #ContestAlert 
@SamsungIndia 
Join @satyapaljain_86 @JainShantilalâ€¦",Sarvesh Jain,2020-08-25 12:31:56
91,91,"Upcycling eco-design...Better to have kids playing than watching the TV.
AndrÃ© Cardoso transforms Samsung Eco-Packaâ€¦ https://t.co/DdkFAQUMat",Benjamin Walker,2020-08-25 12:31:54
92,92,RT @SamsungIndia: The new #GalaxyNote20 series makes you the best gamer in your squad. Tell us those three features which give you the poweâ€¦,â¤ï¸ / QuarantiningğŸ’¤ğŸ˜´ğŸ’¤,2020-08-25 12:31:45
93,93,"@SamsungIndia 50X Super Resolution Zoom 
#GalaxyNote20 #Samsung #ContestAlert 
@SamsungIndia
Join
@Lovelythestar19â€¦ https://t.co/iFtexte6fG",Shivam Sharma,2020-08-25 12:31:45
94,94,RT @TheDivaaaaaa: Samsung phones be like: https://t.co/LDntRlmGs9,Anant Garg,2020-08-25 12:31:42
95,95,RT @Androidheadline: Tipster Believes The Samsung Galaxy Note Lineup Is Staying Put https://t.co/cKEdyqAVAC ...by @MrKrisWhyNot #GalaxyNoteâ€¦,Emma Lina,2020-08-25 12:31:39
96,96,@xpiimaoo samsung a31ğŸ¥º,bukan nunung,2020-08-25 12:31:37
97,97,@dinakaran @TRSaranathan maybe its adding in your mobile app calendar (Samsung calendar/ redmi calendar/iphonje calâ€¦ https://t.co/xTi41q4IDw,ramjiYahoo,2020-08-25 12:31:31
98,98,Will never be buying @Samsung ever again if they build #vungang2,Paul Hillman,2020-08-25 12:31:29
99,99,RT @SamsungIndia: The new #GalaxyNote20 series makes you the best gamer in your squad. Tell us those three features which give you the poweâ€¦,Sooraj Karkera ğŸ‡®ğŸ‡³,2020-08-25 12:31:26
0,0,"RT @CommoTariTendo: NEW! Pink Chandelier Ipad Mini Samsung Galaxy Tab 8"" Tablet Folio Case Cover
#PinkChandelier #IpadMini #SamsungGalaxyTaâ€¦",LampworkBench,2020-08-25 12:34:55
1,1,"RT @alyiabubbles: I got a chance to upgrade but I donâ€™t want my drawing tablet to be left unused ğŸ™

Anyone need a tablet? This is samsung gâ€¦",ğ“ªğ“¶ğ“²ğ“­ğ“ªğ“µğ“ª ğŸŒ» MARY KAYğŸ€ğŸ’•âœ¨,2020-08-25 12:34:49
2,2,"@FckYaya I still got my 10, my next phone Iâ€™m going back to Samsung..",NitaMoni,2020-08-25 12:34:47
3,3,RT @SamsungIndia: The new #GalaxyNote20 series makes you the best gamer in your squad. Tell us those three features which give you the poweâ€¦,Vinay Kalra,2020-08-25 12:34:47
4,4,"@SamsungIndia Hyperfast Processor, All day battery with fast charge, 120Hz adaptive display
#GalaxyNote20â€¦ https://t.co/2pO9vCRn4n",Rohit Gaur,2020-08-25 12:34:46
5,5,"Samsung Galaxy Note20 (mystic bronze, 256 GB) mit Congstar Allnet Flat MÂ LTE50 https://t.co/KOUGiu1xsh",Toni Schlack,2020-08-25 12:34:45
6,6,"Samsung Galaxy Note20 (mystic bronze, 256 GB) mit Congstar Allnet Flat MÂ LTE50 https://t.co/11etAL9IDY",Toni Schlack,2020-08-25 12:34:45
7,7,Crystal Patterned Bezel Ring for Samsung Galaxy Watch #smartwatchestyle #smartwatchesaddict https://t.co/JwVIjShlvO https://t.co/S5Y1odRwmL,SmartyWrist Store,2020-08-25 12:34:41
8,8,RT @SamsungIndia: The new #GalaxyNote20 series makes you the best gamer in your squad. Tell us those three features which give you the poweâ€¦,ShivağŸ‡®ğŸ‡³,2020-08-25 12:34:32
9,9,"RT @Poorvika_Mobile: The wait is over, the Samsung Galaxy Note20 series is now at https://t.co/Wpmqg4vcah !

Starting at â‚¹64999*

Buy Now :â€¦",Prabu,2020-08-25 12:34:31
10,10,RT @SamsungIndia: Are you ready for #GalaxyPowerfest? You donâ€™t want to miss out on this one. Catch the India launch of #GalaxyNote20 serieâ€¦,T SAI TEJA ( FAN OF PSPK),2020-08-25 12:34:29
11,11,RT @SamsungIndia: The new #GalaxyNote20 series makes you the best gamer in your squad. Tell us those three features which give you the poweâ€¦,Rohit,2020-08-25 12:34:29
12,12,RT @SamsungIndia: The new #GalaxyNote20 series lets you seize every moment in a perfect way. Tell us your favourite camera feature in the câ€¦,Sanket_b23,2020-08-25 12:34:27
13,13,RT @SamsungIndia: The new #GalaxyNote20 series makes you the best gamer in your squad. Tell us those three features which give you the poweâ€¦,HARDIK TANK,2020-08-25 12:34:24
14,14,"However, you are free to choose whatever else you want, out of these preselected choices. Democrat or Republican, iâ€¦ https://t.co/4EMBZe4XZq",Helm Of Awesome,2020-08-25 12:34:23
15,15,"RT Gartner_inc ""Gartner analyst anshul1802 says global #smartphone sales declined 20% in 2Q20. Samsung &amp; Huawei movâ€¦ https://t.co/uRzltZlFAw",Harm Marten Hulshof,2020-08-25 12:34:23
16,16,"RT @LivEchonews: The latest iPhones, iPads, Apple Watch as well as Sony and Samsung phones were seized https://t.co/SBRz4d5ROs",Brenda,2020-08-25 12:34:22
17,17,RT @SamsungIndia: The new #GalaxyNote20 series makes you the best gamer in your squad. Tell us those three features which give you the poweâ€¦,Vishnani Amit,2020-08-25 12:34:21
18,18,"RT @Poorvika_Mobile: The wait is over, the Samsung Galaxy Note20 series is now at https://t.co/Wpmqg4vcah !

Starting at â‚¹64999*

Buy Now :â€¦",S.Surya Prakash,2020-08-25 12:34:18
19,19,This community has already survived one industrial disaster. Will @Samsung's new coal plant be the next? https://t.co/gD9NgYTAsv,Sebastiano,2020-08-25 12:34:18
20,20,"There is 'too big to fail' and then there is 'Samsung Risk' which says that if Samsung Group would fall somehow, itâ€¦ https://t.co/1djQEw9WWq",IshaanBhola,2020-08-25 12:34:15
21,21,"@SamsungIndia 1. An epic gaming session can happen anywhere with a newly renovated intelligent processor, upgradedâ€¦ https://t.co/rArOQiQqI4",Vinay Kalra,2020-08-25 12:34:14
22,22,RT @SamsungIndia: The new #GalaxyNote20 series comes in a stunning array of mystic hues. Tell us which one is your favourite in the commentâ€¦,Sudeep Tawde,2020-08-25 12:34:12
23,23,RT @SamsungIndia: The new #GalaxyNote20 series gives you the power to work so that you can make the most out of your working hours. Tell usâ€¦,BangTechS,2020-08-25 12:34:07
24,24,RT @ishanagarwal24: Wow Chinese people know how to make their technology review videos (the vibe and the whole thing)... This is probably oâ€¦,V3S9K,2020-08-25 12:34:06
25,25,RT @TechmashDave: Unboxed the new Samsung Galaxy Buds Live! https://t.co/WZPnXGf8Pp #TechmashDave #TechMASHUK #MashedDotCom #Samsung #Galaxâ€¦,TechMASH,2020-08-25 12:34:05
26,26,"RT @LowyatNET: #Samsung #FindMyMobile App Can Now Be Used Even Without Data Connection

https://t.co/ScGbIiQTNL https://t.co/aZKFitPZET",NSR,2020-08-25 12:34:04
27,27,"RT @TXTBigHitWW: WHOSFAN | 200825

Bus TV AD at Samsung Station:
2. #YEONJUN: 42.14% ğŸ”¼

Have you voted today, MOA? If not, now is the timeâ€¦",Joshua Layug,2020-08-25 12:34:03
28,28,"RT @MfwaiKanhangad: Latest LoOk..@mammukka â¤ï¸

First Sale of Samsung Note 20 Ultra 5G.
#samsungnote20ultra5G 
#MammukkaBdayTrendOnSep6 httpâ€¦",Sajwal Raj kannur,2020-08-25 12:34:03
29,29,RT @TechmashDave: Unboxed the new Samsung Galaxy Buds Live! https://t.co/WZPnXGf8Pp #TechmashDave #TechMASHUK #MashedDotCom #Samsung #Galaxâ€¦,Just Tweet It!,2020-08-25 12:33:59
30,30,#followtrick bts taekook yoongi hobi thread rt if you stan bg gg au ateez red velvet loona kpop blackpink jungkookâ€¦ https://t.co/gnxrBPyPRb,ãƒ—ãƒªãƒ³,2020-08-25 12:33:57
31,31,RT @SamsungIndia: The new #GalaxyNote20 series makes you the best gamer in your squad. Tell us those three features which give you the poweâ€¦,Hasan.kw,2020-08-25 12:33:56
32,32,"RT @FatKidDeals: Samsung SSD 860 EVO 1TB 2.5 Inch SATA III Internal SSD for $92!  

20% discount updates at checkout!

https://t.co/wE6lbyTâ€¦",Andy Herrera,2020-08-25 12:33:55
33,33,"RT @Poorvika_Mobile: The wait is over, the Samsung Galaxy Note20 series is now at https://t.co/Wpmqg4vcah !

Starting at â‚¹64999*

Buy Now :â€¦",GBala,2020-08-25 12:33:50
34,34,Unboxed the new Samsung Galaxy Buds Live! https://t.co/WZPnXGf8Pp #TechmashDave #TechMASHUK #MashedDotCom #Samsungâ€¦ https://t.co/49Q5nWrx9B,Dave!,2020-08-25 12:33:49
35,35,"RT @Poorvika_Mobile: The wait is over, the Samsung Galaxy Note20 series is now at https://t.co/Wpmqg4vcah !

Starting at â‚¹64999*

Buy Now :â€¦",Andro siva,2020-08-25 12:33:45
36,36,"RT @SamsungMobile: Meet #GalaxyBudsLive! Here's a quick #unboxing and first look of the Galaxy Buds Live.

For more information, visit httpâ€¦",ÃS21,2020-08-25 12:33:43
37,37,"RT @bpbillboard: Jennie for KT Samsung Galaxy Note 20!

(c) owners
.#JENNIE_GalaxyNote20 #KTxJENNIERedNote @BLACKPINK @ygofficialblink httpâ€¦",Halis Kosova,2020-08-25 12:33:39
38,38,@GIAWSPICY (from a samsung) https://t.co/Sm0FMmD17r,sky,2020-08-25 12:33:37
39,39,"@SamsungIndia Mystic Bronze ğŸ’–
#GalaxyNote20 #Samsung #ContestAlert 
@SamsungIndia
Join
@satyapaljain_86â€¦ https://t.co/3o1UZWiWvH",Shivam Sharma,2020-08-25 12:33:34
40,40,"@SamsungIndia Powerful Processor ğŸ’ª 
Immersive amoled display ğŸ“º 
Huge screen for gamers ğŸ˜ğŸ˜

Biggest wish to get luckâ€¦ https://t.co/oBbe2C48EA",ğŸ€ Shagufta SaL â—ŸÌ½â—Ì½,2020-08-25 12:33:34
41,41,"RT @CommoTariTendo: NEW! Pink Chandelier Ipad Mini Samsung Galaxy Tab 8"" Tablet Folio Case Cover
#PinkChandelier #IpadMini #SamsungGalaxyTaâ€¦",Spirit Baker,2020-08-25 12:33:32
42,42,RT @engadget: See how the Galaxy Z Fold 2 differs from its predecessor https://t.co/dYoheZb95z https://t.co/tbSYfyIrqq,Charly Prudent,2020-08-25 12:33:30
43,43,"RT @Poorvika_Mobile: The wait is over, the Samsung Galaxy Note20 series is now at https://t.co/Wpmqg4vcah !

Starting at â‚¹64999*

Buy Now :â€¦",P R Bala,2020-08-25 12:33:26
44,44,RT @SamsungIndia: The new #GalaxyNote20 series makes you the best gamer in your squad. Tell us those three features which give you the poweâ€¦,Rajat kumar,2020-08-25 12:33:21
45,45,@SamsungIndia Mystic Black. Black is a trademark colour for Samsung and this colour fits every Samsung smartphone pâ€¦ https://t.co/LIuNckLSPz,Sobin,2020-08-25 12:33:19
46,46,"RT @GiveawayBase: Grab your free entries for a chance to #win #smartwatch! #worldwide #giveaway #sweepstakes #Free 
LIKE + enter via link bâ€¦",Catnip202X,2020-08-25 12:33:12
47,47,@ClarkHoward clark is there a tv you recomend? i have a  65 inch samsung.its 4k i love it but i want to go 80 incheâ€¦ https://t.co/7xxDqLg0EM,raggie34,2020-08-25 12:33:11
48,48,@SamsungIndia VERY BAD SERVICE I have buy front load washing machine and registered for installation and demo on 20â€¦ https://t.co/Oa1Zp88GPS,LULU SAHANI,2020-08-25 12:33:10
49,49,"RT @Poorvika_Mobile: The wait is over, the Samsung Galaxy Note20 series is now at https://t.co/Wpmqg4vcah !

Starting at â‚¹64999*

Buy Now :â€¦",Mohamed Rajik S,2020-08-25 12:33:09
50,50,This community has already survived one industrial disaster. Will @Samsung's new coal plant be the next? https://t.co/dubEqsDOeY,Mercedes Valls Lolla,2020-08-25 12:33:09
51,51,This community has already survived one industrial disaster. Will @Samsung's new coal plant be the next? https://t.co/fwyDHquJs2,Golden Pipit,2020-08-25 12:33:08
52,52,"RT @GiveawayBase: Grab your free entries for a chance to #win #smartwatch! #worldwide #giveaway #sweepstakes #Free 
LIKE + enter via link bâ€¦",charles polman,2020-08-25 12:33:04
53,53,RT @SamsungIndia: The new #GalaxyNote20 series makes you the best gamer in your squad. Tell us those three features which give you the poweâ€¦,Flying Bird,2020-08-25 12:33:04
54,54,RT @SamsungIndia: The new #GalaxyNote20 series makes you the best gamer in your squad. Tell us those three features which give you the poweâ€¦,WHITE_DEVIL,2020-08-25 12:33:01
55,55,@SamsungIndia Samsung always proves itself the best with all its flagshipsâ™¥ï¸ğŸ’¯,Tech Fan,2020-08-25 12:32:57
56,56,RT @SamsungIndia: The new #GalaxyNote20 series makes you the best gamer in your squad. Tell us those three features which give you the poweâ€¦,Bhargav Gor,2020-08-25 12:32:55
57,57,"RT @Poorvika_Mobile: The wait is over, the Samsung Galaxy Note20 series is now at https://t.co/Wpmqg4vcah !

Starting at â‚¹64999*

Buy Now :â€¦",.@,2020-08-25 12:32:54
58,58,RT @SamsungIndia: The new #GalaxyNote20 series comes in a stunning array of mystic hues. Tell us which one is your favourite in the commentâ€¦,Durai .M,2020-08-25 12:32:53
59,59,"RT @TXTBigHitWW: WHOSFAN | 200825

Bus TV AD at Samsung Station:
2. #YEONJUN: 44.98% ğŸ”¼

Only a bit until we will take over the first place.â€¦",mochi rabbit,2020-08-25 12:32:50
60,60,@backstroke_ Samsung SDI is supplying Lucid who has made claims with their new Lucid Air battery. Interesting.,Haplo,2020-08-25 12:32:45
61,61,RT @SamsungIndia: The new #GalaxyNote20 series gives you the power to work so that you can make the most out of your working hours. Tell usâ€¦,â¤ï¸ / QuarantiningğŸ’¤ğŸ˜´ğŸ’¤,2020-08-25 12:32:45
62,62,Sooner or later when I get my new phone sorry to my Samsung friends going back with iphone,#MILEHIGHMAFIA,2020-08-25 12:32:42
63,63,"RT @samsungID: Mirror your phone's screen to #SamsungTV is quick, easy, and amazing. 

Just turn on Tap View on the SmartThings app and tapâ€¦",WatermelonSugarğŸ‰,2020-08-25 12:32:41
64,64,"So today my coworker just ""accidentally"" buy a Samsung S20+ BTS Limited Edition.",Taraâ·,2020-08-25 12:32:41
65,65,Samsung Galaxy Watch 3 international giveaway @androidauth #giveaway https://t.co/ToVNawq4I3,hlatsindica,2020-08-25 12:32:39
66,66,RT @SamsungIndia: The new #GalaxyNote20 series lets you seize every moment in a perfect way. Tell us your favourite camera feature in the câ€¦,Durai .M,2020-08-25 12:32:38
67,67,Fine dust from coal plants kill tens of thousands of people each year in Vietnam â€” Vung Ang 2 will make this worse @Samsung #WrongCallOnCoal,sally stringer,2020-08-25 12:32:35
68,68,@sasmit79953593 @ShreeshaMS2 @geekyranjit So according to you this 5.3 crap will fly in terms of performance with iâ€¦ https://t.co/YF3VSGqcZ3,Juan,2020-08-25 12:32:32
69,69,RT @SamsungIndia: The new #GalaxyNote20 series lets you seize every moment in a perfect way. Tell us your favourite camera feature in the câ€¦,RishabhğŸ¤µ,2020-08-25 12:32:27
70,70,RT @SamsungIndia: Are you ready for #GalaxyPowerfest? You donâ€™t want to miss out on this one. Catch the India launch of #GalaxyNote20 serieâ€¦,RAJU_DHFMâœ¨,2020-08-25 12:32:26
71,71,"RT @conserBAEtive: Happiness! Red Velvet stickers from samsung galaxy 1/3

*yeri not included https://t.co/ljYb3BBh2J",yuri,2020-08-25 12:32:26
72,72,RT @MobileSyrup: Contest: Win a Bell Samsung S20+ 5G! https://t.co/ujZjy2SCJV https://t.co/c6YVdmUr3B,Alexander Yee,2020-08-25 12:32:21
73,73,The full specifications of the upcoming Galaxy M31s has leaked https://t.co/Tz2HUointL #galaxym31s,TechnologyNow,2020-08-25 12:32:16
74,74,RT @SamsungIndia: The new #GalaxyNote20 series makes you the best gamer in your squad. Tell us those three features which give you the poweâ€¦,ğŸ€ Shagufta SaL â—ŸÌ½â—Ì½,2020-08-25 12:32:16
75,75,RT @MobileSyrup: Contest: Win a Bell Samsung Galaxy S20 5G! https://t.co/99qTpE49oL https://t.co/BjJmtzrv1r,Alexander Yee,2020-08-25 12:32:08
76,76,RT @SamsungIndia: The new #GalaxyNote20 series makes you the best gamer in your squad. Tell us those three features which give you the poweâ€¦,Rasika Pednekar,2020-08-25 12:32:08
77,77,"I lowkey want to get an ""S"" Samsung Galaxy phone one day",âœ§Ë–Â°à¿ â”€â”€ ğ’ğŒğˆğ‹ğ„ ; ğŸ‘ ğƒğ€ğ˜ğ’.,2020-08-25 12:32:08
78,78,RT @SamsungIndia: The new #GalaxyNote20 series comes in a stunning array of mystic hues. Tell us which one is your favourite in the commentâ€¦,â¤ï¸ / QuarantiningğŸ’¤ğŸ˜´ğŸ’¤,2020-08-25 12:32:07
79,79,"RT @SamsungMobile: Meet #GalaxyBudsLive! Here's a quick #unboxing and first look of the Galaxy Buds Live.

For more information, visit httpâ€¦",Simon Ashcroft,2020-08-25 12:32:07
80,80,"RT @SamsungMobile: Meet #GalaxyBudsLive! Here's a quick #unboxing and first look of the Galaxy Buds Live.

For more information, visit httpâ€¦",Dafit Hartono,2020-08-25 12:32:04
81,81,"RT @Dazzlingcutie1: @SamsungIndia 50X Super Resolution Zoom ğŸŒˆ
#GalaxyNote20 #Samsung #ContestAlert 
@SamsungIndia
Join @satyapaljain_86 @Jaâ€¦",Sarvesh Jain,2020-08-25 12:32:03
82,82,RT @SamsungIndia: The new #GalaxyNote20 series comes in a stunning array of mystic hues. Tell us which one is your favourite in the commentâ€¦,Shivam Sharma,2020-08-25 12:32:03
83,83,"@_jungKOOKIE13 @BTS_twt and the Samsung phone in this time ""am I a joke for you!? ğŸ—¿""",Kate.Kuryliak,2020-08-25 12:31:59
84,84,Communities in Ha Tinh province want to develop with cleaner energy @Samsung. Donâ€™t build #vungang2,Ben van Dongen,2020-08-25 12:31:57
85,85,"RT @Dazzlingcutie1: @SamsungIndia Mystic Bronze ğŸŒˆ
#GalaxyNote20 #Samsung #ContestAlert 
@SamsungIndia 
Join @satyapaljain_86 @JainShantilalâ€¦",Sarvesh Jain,2020-08-25 12:31:56
86,86,"Upcycling eco-design...Better to have kids playing than watching the TV.
AndrÃ© Cardoso transforms Samsung Eco-Packaâ€¦ https://t.co/DdkFAQUMat",Benjamin Walker,2020-08-25 12:31:54
87,87,RT @SamsungIndia: The new #GalaxyNote20 series makes you the best gamer in your squad. Tell us those three features which give you the poweâ€¦,â¤ï¸ / QuarantiningğŸ’¤ğŸ˜´ğŸ’¤,2020-08-25 12:31:45
88,88,"@SamsungIndia 50X Super Resolution Zoom 
#GalaxyNote20 #Samsung #ContestAlert 
@SamsungIndia
Join
@Lovelythestar19â€¦ https://t.co/iFtexte6fG",Shivam Sharma,2020-08-25 12:31:45
89,89,RT @TheDivaaaaaa: Samsung phones be like: https://t.co/LDntRlmGs9,Anant Garg,2020-08-25 12:31:42
90,90,RT @Androidheadline: Tipster Believes The Samsung Galaxy Note Lineup Is Staying Put https://t.co/cKEdyqAVAC ...by @MrKrisWhyNot #GalaxyNoteâ€¦,Emma Lina,2020-08-25 12:31:39
91,91,@xpiimaoo samsung a31ğŸ¥º,bukan nunung,2020-08-25 12:31:37
92,92,@dinakaran @TRSaranathan maybe its adding in your mobile app calendar (Samsung calendar/ redmi calendar/iphonje calâ€¦ https://t.co/xTi41q4IDw,ramjiYahoo,2020-08-25 12:31:31
93,93,Will never be buying @Samsung ever again if they build #vungang2,Paul Hillman,2020-08-25 12:31:29
94,94,RT @SamsungIndia: The new #GalaxyNote20 series makes you the best gamer in your squad. Tell us those three features which give you the poweâ€¦,Sooraj Karkera ğŸ‡®ğŸ‡³,2020-08-25 12:31:26
95,95,RT @SamsungIndia: The new #GalaxyNote20 series makes you the best gamer in your squad. Tell us those three features which give you the poweâ€¦,Dip Ghosh,2020-08-25 12:31:21
96,96,"@SamsungIndia Alt Z Life
#GalaxyA71 #GalaxyA51  #Samsung",Harris Hameed,2020-08-25 12:31:17
97,97,@SamsungIndia Super Productive S Pen  #GalaxyPowerfest  #GalaxyNote20  #GalaxyNote20Ultra #Samsung  #ContestAlert @SamsungIndia,ABHISHEK MISHRA,2020-08-25 12:31:17
98,98,"@ samsung STUPID MOMENTS 
Prem Nirala spoke to check for receipt of any email from CASHIFY ID. Out of 561 emails noâ€¦ https://t.co/8X9wVdyPaS",ATUL SAHASRABUDDHE,2020-08-25 12:31:10
99,99,RT @MobileSyrup: Contest: Win a Bell Samsung Galaxy S20 5G! https://t.co/99qTpE49oL https://t.co/BjJmtzrv1r,Marc L,2020-08-25 12:31:10
